"","target_time","mean_yProj","mean_xProj","n_points"
"1",2025-06-21 13:30:00,9929586.34063143,372385.74356819,12
"2",2025-06-21 13:45:00,9929579.10731571,372392.094768782,12
"3",2025-06-21 14:00:00,9929594.47956991,372402.80631172,12
"4",2025-06-21 14:15:00,9929590.00888787,372376.660142115,12
"5",2025-06-21 14:30:00,9929535.88111995,372416.493996133,12
"6",2025-06-21 14:45:00,9929452.9345782,372399.622001073,12
"7",2025-06-21 15:00:00,9929424.71152518,372382.723260717,12
"8",2025-06-22 08:45:00,9929575.16230278,372233.30584724,12
"9",2025-06-22 09:00:00,9929580.7647254,372188.815795701,12
"10",2025-06-22 09:15:00,9929572.28344236,372129.007213738,12
"11",2025-06-22 09:30:00,9929549.70132954,372074.218011435,12
"12",2025-06-22 09:45:00,9929553.51670701,372001.196832129,12
"13",2025-06-22 10:00:00,9929525.12972733,371952.468321689,12
"14",2025-06-22 10:15:00,9929527.77398885,371967.306678419,12
"15",2025-06-22 10:30:00,9929533.70618314,371936.902212329,12
"16",2025-06-22 10:45:00,9929532.81741954,371902.512091296,12
"17",2025-06-22 11:00:00,9929522.84890325,371903.81059722,10
"18",2025-06-22 11:30:00,9929496.7023204,371826.578609522,12
"19",2025-06-22 11:45:00,9929554.24505115,371794.609612221,12
"20",2025-06-22 12:00:00,9929579.56874417,371784.751375525,12
"21",2025-06-22 12:15:00,9929611.47557965,371785.796219118,12
"22",2025-06-22 12:30:00,9929696.33377336,371831.68008396,12
"23",2025-06-22 12:45:00,9929736.19878069,371877.208043682,12
"24",2025-06-22 13:00:00,9929720.07423551,371969.709196769,12
"25",2025-06-22 13:15:00,9929730.18115361,372051.045078215,12
"26",2025-06-22 13:30:00,9929738.18007929,372105.197173543,12
"27",2025-06-22 13:45:00,9929741.82910379,372110.36034294,12
"28",2025-06-23 07:45:00,9929519.75042112,372353.182530989,12
"29",2025-06-23 08:00:00,9929521.69249326,372356.640731186,12
"30",2025-06-23 08:15:00,9929507.22205467,372359.234799814,12
"31",2025-06-23 08:30:00,9929518.03526825,372349.233396062,12
"32",2025-06-23 08:45:00,9929531.69590866,372358.046328438,12
"33",2025-06-23 09:00:00,9929533.83742282,372355.531797298,12
"34",2025-06-23 09:15:00,9929563.62120253,372362.481753129,12
"35",2025-06-23 09:30:00,9929598.59578035,372362.978485474,12
"36",2025-06-23 09:45:00,9929589.88596455,372369.133958322,12
"37",2025-06-23 10:00:00,9929622.61786814,372358.133298286,12
"38",2025-06-23 10:15:00,9929606.87084206,372353.23241115,12
"39",2025-06-23 10:30:00,9929657.70553886,372342.709056358,12
"40",2025-06-23 10:45:00,9929630.42821022,372251.954843515,12
"41",2025-06-23 11:00:00,9929667.71947913,372242.24505986,12
"42",2025-06-23 11:15:00,9929689.58191172,372200.208590804,12
"43",2025-06-23 11:30:00,9929717.28421761,372198.48753115,12
"44",2025-06-23 11:45:00,9929745.68172954,372183.779253412,12
"45",2025-06-23 12:00:00,9929783.70513593,372177.977934528,12
"46",2025-06-23 12:15:00,9929800.10421748,372191.169841225,12
"47",2025-06-23 12:30:00,9929807.70658675,372188.02919823,12
"48",2025-06-23 12:45:00,9929825.3261511,372178.672135875,12
"49",2025-06-23 13:00:00,9929817.97251442,372185.872051546,12
"50",2025-06-23 13:15:00,9929847.141051,372151.992392762,12
"51",2025-06-23 13:30:00,9929813.82508904,372137.48479682,12
"52",2025-06-23 13:45:00,9929809.80653755,372133.908157395,12
"53",2025-06-23 14:00:00,9929790.79716687,372140.310949315,12
"54",2025-06-23 14:15:00,9929778.2238643,372156.249738038,12
"55",2025-06-23 14:30:00,9929744.46319304,372190.66229634,12
"56",2025-06-23 14:45:00,9929719.19802449,372203.268523366,12
"57",2025-06-23 15:00:00,9929695.84224649,372217.982356534,12
"58",2025-06-23 15:15:00,9929623.77471642,372292.673390229,12
"59",2025-06-23 15:30:00,9929582.88531629,372383.478460941,12
"60",2025-06-23 15:45:00,9929534.59945922,372289.076307124,12
"61",2025-06-23 16:00:00,9929490.8953165,372306.765302273,12
"62",2025-06-24 06:00:00,9929570.73663028,372430.172287303,12
"63",2025-06-24 06:15:00,9929574.05469988,372433.209502998,12
"64",2025-06-24 06:30:00,9929573.10442652,372434.653245698,12
"65",2025-06-24 06:45:00,9929560.92463622,372452.56000874,12
"66",2025-06-24 07:00:00,9929511.21801418,372535.341451841,12
"67",2025-06-24 07:15:00,9929466.81676508,372612.761195297,12
"68",2025-06-24 07:30:00,9929387.74517675,372581.962099303,12
"69",2025-06-24 07:45:00,9929387.24745641,372583.555796964,12
"70",2025-06-24 08:00:00,9929315.22537909,372664.158559104,12
"71",2025-06-24 08:15:00,9929293.70022477,372670.615512698,12
"72",2025-06-24 09:00:00,9929649.38197083,372676.403088021,12
"73",2025-06-24 09:15:00,9929688.72878854,372659.790005533,12
"74",2025-06-24 09:30:00,9929684.54319587,372655.027329176,12
"75",2025-06-24 09:45:00,9929698.03438083,372645.007357647,12
"76",2025-06-24 10:00:00,9929709.97097211,372585.435996566,12
"77",2025-06-24 10:15:00,9929694.62009483,372545.768406663,12
"78",2025-06-24 10:30:00,9929697.77961035,372509.534007117,12
"79",2025-06-24 10:45:00,9929619.73566209,372412.179429181,12
"80",2025-06-24 11:00:00,9929514.18201436,372335.498122094,12
"81",2025-06-24 11:15:00,9929569.73205728,372333.31780726,12
"82",2025-06-24 11:30:00,9929560.7978737,372337.439867187,12
"83",2025-06-24 11:45:00,9929555.86204726,372330.952446801,12
"84",2025-06-24 13:00:00,9929425.22278537,372165.197907974,12
"85",2025-06-24 13:15:00,9929418.20656321,372140.855764083,12
"86",2025-06-24 13:30:00,9929414.29273235,372139.399937245,12
"87",2025-06-24 13:45:00,9929435.56641694,372130.573730897,12
"88",2025-06-24 14:00:00,9929450.13360165,372121.89351575,12
"89",2025-06-24 14:15:00,9929491.59230548,372108.185674735,12
"90",2025-06-24 14:30:00,9929551.37245974,372084.987144658,12
"91",2025-06-24 14:45:00,9929558.05870441,372070.028463399,12
"92",2025-06-24 15:00:00,9929550.44826138,372078.560128847,12
"93",2025-06-26 08:00:00,9929619.22888988,372362.518994287,12
"94",2025-06-26 08:15:00,9929620.30054295,372365.308069076,12
"95",2025-06-26 08:30:00,9929624.31025907,372263.32500707,12
"96",2025-06-26 08:45:00,9929685.3397022,372208.302591796,12
"97",2025-06-26 09:00:00,9929757.06435992,372175.169686442,12
"98",2025-06-26 09:15:00,9929928.5106786,372150.903806514,12
"99",2025-06-26 09:30:00,9929944.08206884,372195.961407907,12
"100",2025-06-26 09:45:00,9929937.18823942,372197.650567434,12
"101",2025-06-26 10:00:00,9929962.26910844,372179.273598638,12
"102",2025-06-26 10:15:00,9929989.45754675,372196.865232325,12
"103",2025-06-26 10:30:00,9930004.72674918,372226.928706358,12
"104",2025-06-26 10:45:00,9930014.00889478,372245.684978369,12
"105",2025-06-26 11:00:00,9930023.42584904,372283.882221833,12
"106",2025-06-26 11:15:00,9930034.05529734,372308.860364281,12
"107",2025-06-26 11:30:00,9930031.39344436,372315.45066035,12
"108",2025-06-26 11:45:00,9930023.05230116,372326.636941461,12
"109",2025-06-26 12:00:00,9930021.06799784,372338.186570793,12
"110",2025-06-26 12:15:00,9930038.47393589,372316.28386684,12
"111",2025-06-26 12:30:00,9930005.373056,372341.901123844,12
"112",2025-06-26 12:45:00,9929951.70214266,372276.144853344,12
"113",2025-06-26 13:00:00,9929865.68355134,372258.199847315,12
"114",2025-06-26 13:15:00,9929854.13423074,372208.140800556,12
"115",2025-06-26 13:30:00,9929834.27242758,372162.808997925,12
"116",2025-06-26 13:45:00,9929830.37333048,372133.82141718,12
"117",2025-06-26 14:00:00,9929812.24380664,372131.336429323,12
"118",2025-06-26 14:15:00,9929747.84075459,372082.889490342,12
"119",2025-06-26 14:30:00,9929638.28956269,372132.193683276,12
"120",2025-06-26 14:45:00,9929459.26664182,372133.308690173,12
"121",2025-06-26 15:00:00,9929429.78021454,372157.699333065,12
"122",2025-06-26 15:15:00,9929358.73855911,372157.900141377,12
"123",2025-06-26 15:30:00,9929323.13413794,372158.794257829,12
"124",2025-06-26 15:45:00,9929214.20687173,372183.519223546,12
"125",2025-06-27 07:15:00,9929237.6112241,372178.789231583,12
"126",2025-06-27 07:30:00,9929241.39067092,372190.576097836,12
"127",2025-06-27 07:45:00,9929207.14465443,372254.002881175,12
"128",2025-06-27 09:30:00,9929198.1243119,372242.516192442,12
"129",2025-06-27 09:45:00,9929248.59766673,372311.506236156,12
"130",2025-06-27 10:00:00,9929315.17467972,372360.814574406,12
"131",2025-06-27 10:15:00,9929418.18955257,372324.034991566,12
"132",2025-06-27 10:30:00,9929481.05509954,372348.029591014,12
"133",2025-06-27 10:45:00,9929508.4912497,372319.866957821,12
"134",2025-06-27 11:00:00,9929542.24892649,372330.957704087,12
"135",2025-06-27 11:15:00,9929625.91979167,372250.614887906,12
"136",2025-06-27 11:30:00,9929577.66399528,372239.175128512,12
"137",2025-06-27 11:45:00,9929577.02310727,372211.737864212,12
"138",2025-06-27 12:00:00,9929586.01652116,372192.563728705,12
"139",2025-06-27 12:15:00,9929575.9877153,372181.015386295,12
"140",2025-06-27 12:30:00,9929544.97251625,372171.745206497,12
"141",2025-06-27 12:45:00,9929519.6211147,372171.470131199,12
"142",2025-06-27 13:00:00,9929507.90646454,372166.41477113,12
"143",2025-06-27 13:15:00,9929516.40093994,372160.652750212,12
"144",2025-06-27 13:30:00,9929520.08217361,372164.77886404,12
"145",2025-06-27 13:45:00,9929520.04407591,372163.691192,12
"146",2025-06-27 14:00:00,9929542.50058207,372136.694118217,12
"147",2025-06-27 14:15:00,9929527.81515671,371965.022241568,12
"148",2025-06-27 14:30:00,9929520.53359432,371969.74287347,12
"149",2025-06-27 14:45:00,9929419.24241515,371914.466010368,12
"150",2025-06-27 15:00:00,9929426.62764451,371913.970040702,12
"151",2025-06-27 15:15:00,9929427.37622371,371884.382030268,12
"152",2025-06-27 15:30:00,9929460.31323727,371861.647976679,12
"153",2025-06-27 15:45:00,9929485.12030136,371813.715062851,12
"154",2025-06-27 16:00:00,9929508.44943564,371824.768712139,12
"155",2025-06-27 16:15:00,9929617.06583591,371845.886892017,12
"156",2025-06-27 16:30:00,9929699.28948692,371802.762457136,4
"157",2025-06-29 06:00:00,9929684.25703186,372215.043429459,6
"158",2025-06-29 06:15:00,9929671.13045053,372194.444780702,12
"159",2025-06-29 06:30:00,9929679.18966074,372221.119542915,12
"160",2025-06-29 06:45:00,9929698.05236707,372218.356450656,12
"161",2025-06-29 07:00:00,9929719.24694994,372235.647046454,12
"162",2025-06-29 07:15:00,9929680.4514325,372283.604691547,12
"163",2025-06-29 07:30:00,9929703.08934186,372304.768712086,12
"164",2025-06-29 07:45:00,9929733.30792753,372360.701300521,12
"165",2025-06-29 08:00:00,9929712.19728155,372415.263702939,12
"166",2025-06-29 08:15:00,9929723.19302787,372448.355650322,12
"167",2025-06-29 08:30:00,9929706.67132472,372453.177551201,12
"168",2025-06-29 08:45:00,9929628.0615223,372457.252854381,12
"169",2025-06-29 09:00:00,9929631.15945176,372460.117341259,12
"170",2025-06-29 09:15:00,9929625.17102839,372421.829431346,12
"171",2025-06-29 09:30:00,9929512.51525916,372413.647749938,12
"172",2025-06-29 09:45:00,9929479.17080578,372392.501069896,12
"173",2025-06-29 10:00:00,9929492.74814073,372349.748834916,12
"174",2025-06-29 10:15:00,9929488.50008178,372348.937453407,12
"175",2025-06-29 10:30:00,9929490.48142922,372348.432772685,12
"176",2025-06-29 10:45:00,9929475.29600553,372347.904374461,12
"177",2025-06-29 11:00:00,9929436.22434798,372345.042904276,12
"178",2025-06-29 11:15:00,9929417.52954345,372359.658226786,12
"179",2025-06-29 11:30:00,9929434.73996786,372371.802029689,12
"180",2025-06-29 11:45:00,9929430.27439626,372375.530517201,12
"181",2025-06-29 12:00:00,9929436.33500947,372380.764087493,12
"182",2025-06-29 12:15:00,9929438.39826322,372383.878464347,12
"183",2025-06-29 12:30:00,9929451.01548452,372371.051362045,12
"184",2025-06-29 12:45:00,9929482.29805903,372336.372924682,12
"185",2025-06-29 13:00:00,9929495.34261354,372311.103716043,12
"186",2025-06-29 13:15:00,9929516.0573662,372295.915722952,12
"187",2025-06-29 13:30:00,9929517.54558617,372296.820276496,12
"188",2025-06-29 13:45:00,9929514.18446239,372298.078702151,12
"189",2025-06-29 14:00:00,9929495.92231834,372285.960631301,12
"190",2025-06-29 14:15:00,9929534.62373068,372290.629454726,12
"191",2025-06-29 14:30:00,9929541.96159241,372289.031077637,12
"192",2025-06-29 14:45:00,9929596.10587856,372212.287932292,12
"193",2025-06-29 15:00:00,9929527.55768856,372153.701829153,12
"194",2025-06-29 15:15:00,9929519.42827061,372165.466971567,12
"195",2025-06-29 15:30:00,9929486.76477844,372088.633262079,12
"196",2025-06-29 15:45:00,9929522.25062742,372039.018538406,8
"197",2025-06-30 06:45:00,9929547.2320927,372040.712832779,12
"198",2025-06-30 07:00:00,9929552.1440996,372047.844819825,12
"199",2025-06-30 07:15:00,9929613.48949731,372112.546911672,10
"200",2025-06-30 07:30:00,9929563.86079946,372200.600328309,12
"201",2025-06-30 07:45:00,9929580.01392809,372090.790682371,12
"202",2025-06-30 08:00:00,9929528.56383919,372022.190903515,12
"203",2025-06-30 08:15:00,9929548.20520727,372037.87841235,12
"204",2025-06-30 08:30:00,9929549.47031395,372035.517190625,12
"205",2025-06-30 08:45:00,9929545.34504421,372041.667849767,12
"206",2025-06-30 09:00:00,9929543.34888088,372041.553109588,12
"207",2025-06-30 09:15:00,9929545.96119018,372041.459227653,12
"208",2025-06-30 09:30:00,9929574.37898133,372024.150519408,12
"209",2025-06-30 09:45:00,9929598.80528126,372058.990186776,12
"210",2025-06-30 10:00:00,9929620.32630975,372109.958191431,12
"211",2025-06-30 10:15:00,9929717.81032806,372161.342296821,12
"212",2025-06-30 10:30:00,9929747.38528538,372180.697328402,12
"213",2025-06-30 10:45:00,9929766.01944446,372181.534449898,12
"214",2025-06-30 11:00:00,9929803.6569825,372183.592845473,12
"215",2025-06-30 11:15:00,9929809.82378511,372194.196179576,12
"216",2025-06-30 11:30:00,9929824.01863318,372191.761510264,12
"217",2025-06-30 11:45:00,9929886.92740896,372153.126884675,12
"218",2025-06-30 12:00:00,9929939.34861041,372189.546084199,12
"219",2025-06-30 12:15:00,9929939.57580908,372190.311806616,12
"220",2025-06-30 12:30:00,9929936.85360659,372203.386101124,12
"221",2025-06-30 12:45:00,9929938.43062802,372190.293233923,12
"222",2025-06-30 13:00:00,9929934.31262961,372201.389460074,12
"223",2025-06-30 13:15:00,9929947.60942468,372199.211334801,12
"224",2025-06-30 13:30:00,9929940.32217063,372195.642559033,12
"225",2025-06-30 13:45:00,9929932.74141891,372184.933900159,12
"226",2025-06-30 14:00:00,9929944.60423348,372182.737543856,12
"227",2025-06-30 14:15:00,9929943.76927724,372150.507842863,12
"228",2025-06-30 14:30:00,9929946.43346817,372084.746758767,12
"229",2025-06-30 14:45:00,9929953.53720045,372023.277994681,12
"230",2025-06-30 15:00:00,9929949.96665001,371933.361763935,12
"231",2025-06-30 15:15:00,9929932.14601393,371910.134509261,12
"232",2025-06-30 15:30:00,9929927.56616922,371816.714297762,12
"233",2025-06-30 15:45:00,9929786.95889492,371781.101381215,12
"234",2025-06-30 16:00:00,9929725.7089552,371800.91819651,7
"235",2025-07-01 06:15:00,9929439.39423721,371885.549530591,9
"236",2025-07-01 06:30:00,9929440.51223018,371898.58915243,12
"237",2025-07-01 07:15:00,9929472.61915222,371931.125228667,12
"238",2025-07-01 07:30:00,9929463.86005803,371944.882441723,12
"239",2025-07-01 07:45:00,9929463.76021981,371940.475815695,12
"240",2025-07-01 08:00:00,9929460.0774189,371946.539293595,12
"241",2025-07-01 08:15:00,9929457.66652039,371939.192976857,12
"242",2025-07-01 08:30:00,9929458.4922461,371940.382211576,12
"243",2025-07-01 08:45:00,9929461.01547442,371942.411960616,12
"244",2025-07-01 09:00:00,9929459.84886407,371943.177994395,12
"245",2025-07-01 09:15:00,9929460.71879455,371938.199488148,12
"246",2025-07-01 09:30:00,9929462.41836928,371951.845759966,12
"247",2025-07-01 09:45:00,9929472.48187209,372028.60199927,12
"248",2025-07-01 10:00:00,9929475.37304343,372018.502558163,12
"249",2025-07-01 10:15:00,9929495.13368646,371970.235540018,12
"250",2025-07-01 10:30:00,9929494.2085433,371973.441382845,12
"251",2025-07-01 10:45:00,9929491.73851448,371971.102882636,12
"252",2025-07-01 11:00:00,9929523.24006122,372024.591150118,12
"253",2025-07-01 11:15:00,9929516.72715142,372027.238725283,12
"254",2025-07-01 11:30:00,9929482.14685493,372053.359511022,12
"255",2025-07-01 11:45:00,9929478.07916774,372068.340051326,12
"256",2025-07-01 12:00:00,9929468.19997417,372132.12488038,12
"257",2025-07-01 12:15:00,9929413.06278791,372147.226632854,12
"258",2025-07-01 12:30:00,9929411.86371447,372147.795132224,12
"259",2025-07-01 12:45:00,9929417.95829655,372142.576094515,12
"260",2025-07-01 13:00:00,9929411.96168501,372143.808030913,12
"261",2025-07-01 13:15:00,9929392.65935757,372187.055891761,12
"262",2025-07-01 13:30:00,9929369.30844349,372206.278030114,12
"263",2025-07-01 13:45:00,9929352.78433909,372162.359867842,12
"264",2025-07-01 14:00:00,9929274.20554995,372153.622592279,12
"265",2025-07-04 07:15:00,9929009.66831589,372540.999945765,9
"266",2025-07-04 07:30:00,9929011.97077096,372552.600001981,12
"267",2025-07-04 07:45:00,9929017.92178996,372540.760058685,12
"268",2025-07-04 08:00:00,9928960.94821688,372548.061608002,12
"269",2025-07-04 08:15:00,9928933.8030478,372551.355770607,12
"270",2025-07-04 08:30:00,9928926.76940319,372552.813304887,12
"271",2025-07-04 11:45:00,9928231.4737747,373263.791308411,12
"272",2025-07-04 12:00:00,9928265.70658998,373252.261558703,12
"273",2025-07-04 15:30:00,9930761.27090304,372250.412498024,9
"274",2025-07-04 15:45:00,9930756.28242826,372222.915453944,11
"275",2025-07-04 16:00:00,9930763.08946683,372188.333748877,12
"276",2025-07-04 16:15:00,9930781.78874578,372199.47079525,10
"277",2025-07-04 16:30:00,9930780.85324735,372192.946684156,10
"278",2025-07-04 16:45:00,9930765.64424648,372188.556475552,10
"279",2025-07-05 07:30:00,9930759.32768488,372201.807507775,9
"280",2025-07-05 07:45:00,9930760.076381,372220.309480757,12
"281",2025-07-05 08:00:00,9930721.11510269,372262.987950339,12
"282",2025-07-05 08:15:00,9930704.49384567,372285.728681148,12
"283",2025-07-05 08:30:00,9930651.8163414,372319.551306751,12
"284",2025-07-05 08:45:00,9930657.3430516,372313.737106103,11
"285",2025-07-05 09:00:00,9930652.93358636,372300.637627068,11
"286",2025-07-05 09:15:00,9930640.65847449,372268.704981565,12
"287",2025-07-05 09:30:00,9930631.2451016,372269.748864296,11
"288",2025-07-05 09:45:00,9930637.19227499,372276.638737044,12
"289",2025-07-05 10:00:00,9930624.89885549,372286.927791566,11
"290",2025-07-05 10:15:00,9930613.20856648,372290.975566891,12
"291",2025-07-05 10:30:00,9930603.57864242,372272.046111164,11
"292",2025-07-05 10:45:00,9930637.67149364,372271.689251075,12
"293",2025-07-05 11:00:00,9930643.61986328,372275.718621323,12
"294",2025-07-05 11:15:00,9930662.17155935,372266.724293707,12
"295",2025-07-05 11:30:00,9930648.07506172,372266.884398434,12
"296",2025-07-05 11:45:00,9930629.63077191,372233.8764336,12
"297",2025-07-05 12:00:00,9930645.15013592,372204.284503045,12
"298",2025-07-05 12:15:00,9930654.95289312,372181.973636789,11
"299",2025-07-05 12:30:00,9930629.68326511,372177.600260693,12
"300",2025-07-05 12:45:00,9930666.79645105,372175.44129921,11
"301",2025-07-05 13:00:00,9930623.69180574,372139.055524512,12
"302",2025-07-05 13:15:00,9930627.69945784,372145.859245751,12
"303",2025-07-05 13:30:00,9930616.51299459,372154.623817808,12
"304",2025-07-05 13:45:00,9930564.99253431,372116.01767725,12
"305",2025-07-05 14:00:00,9930555.61924841,372089.991402544,12
"306",2025-07-05 14:15:00,9930579.01905902,372061.102841844,12
"307",2025-07-05 14:30:00,9930563.60299941,372097.800857363,11
"308",2025-07-05 14:45:00,9930503.8728452,372102.936212003,11
"309",2025-07-05 15:00:00,9930501.90638354,372149.129730998,12
"310",2025-07-05 15:15:00,9930482.85137856,372239.400051436,12
"311",2025-07-05 15:30:00,9930537.93470195,372263.894825631,12
"312",2025-07-05 15:45:00,9930557.53719144,372310.492335122,12
"313",2025-07-05 16:00:00,9930572.11839394,372347.971777697,12
"314",2025-07-06 08:45:00,9930758.42894579,372317.430578682,12
"315",2025-07-06 09:00:00,9930780.88267012,372347.681186838,12
"316",2025-07-06 09:15:00,9930766.73051909,372351.06891596,12
"317",2025-07-06 09:30:00,9930791.4152993,372368.100840165,12
"318",2025-07-06 09:45:00,9930778.75345322,372411.389443744,11
"319",2025-07-06 10:00:00,9930834.08480449,372421.284344551,12
"320",2025-07-06 10:15:00,9930825.47546415,372428.014404044,12
"321",2025-07-06 10:30:00,9930817.4710348,372433.777107307,13
"322",2025-07-06 10:45:00,9930893.57484719,372457.947999491,13
"323",2025-07-06 11:00:00,9930962.31590943,372461.579488475,13
"324",2025-07-06 11:15:00,9931013.45314148,372452.873018536,13
"325",2025-07-06 11:30:00,9931033.45592537,372417.831564973,13
"326",2025-07-06 11:45:00,9931139.66700538,372347.171007564,13
"327",2025-07-06 12:00:00,9931218.27732768,372343.245368234,13
"328",2025-07-08 06:15:00,9929690.76672116,372194.328284987,12
"329",2025-07-08 06:30:00,9929701.87289973,372196.173795169,12
"330",2025-07-08 06:45:00,9929702.55082448,372195.792752033,12
"331",2025-07-08 07:00:00,9929707.1438248,372195.59808437,12
"332",2025-07-08 07:15:00,9929743.25495769,372177.997593107,12
"333",2025-07-08 07:30:00,9929687.7372099,372193.651199051,12
"334",2025-07-08 07:45:00,9929666.68513055,372230.196408782,12
"335",2025-07-08 08:00:00,9929656.10090501,372235.08117775,12
"336",2025-07-08 08:15:00,9929647.19077194,372246.815049357,12
"337",2025-07-08 08:30:00,9929625.89499217,372300.310001261,11
"338",2025-07-08 08:45:00,9929615.76246833,372300.036677319,12
"339",2025-07-08 09:00:00,9929610.01730199,372303.466263508,12
"340",2025-07-08 09:15:00,9929597.1850177,372286.81735533,12
"341",2025-07-08 09:30:00,9929553.11373769,372299.511239951,12
"342",2025-07-08 09:45:00,9929479.51383388,372334.319028606,12
"343",2025-07-08 10:00:00,9929485.22072764,372342.78622715,12
"344",2025-07-08 10:15:00,9929477.76003213,372337.183853719,12
"345",2025-07-08 10:30:00,9929532.91064309,372328.494736107,10
"346",2025-07-08 10:45:00,9929558.92019682,372302.191753203,10
"347",2025-07-08 11:00:00,9929597.77266939,372294.368992391,11
"348",2025-07-08 11:15:00,9929551.33295085,372288.729061182,12
"349",2025-07-08 11:30:00,9929549.21648532,372265.030012396,12
"350",2025-07-08 11:45:00,9929557.94065532,372236.675020986,12
"351",2025-07-08 12:00:00,9929514.51151302,372220.153131468,12
"352",2025-07-08 12:15:00,9929503.05334925,372135.970629378,12
"353",2025-07-08 12:30:00,9929462.02879898,372109.100316904,12
"354",2025-07-08 12:45:00,9929479.35857582,372053.957949813,12
"355",2025-07-08 13:00:00,9929483.11489329,372038.116738116,12
"356",2025-07-08 13:15:00,9929480.21327806,372036.112670452,12
"357",2025-07-08 13:30:00,9929510.09064223,372012.561427428,12
"358",2025-07-09 07:00:00,9929563.68589162,371832.187798007,12
"359",2025-07-09 07:15:00,9929543.09765638,371846.927298332,12
"360",2025-07-09 07:30:00,9929524.89142378,371846.65842936,12
"361",2025-07-09 07:45:00,9929525.93556836,371847.245161804,12
"362",2025-07-09 08:00:00,9929525.62539533,371844.942625462,12
"363",2025-07-09 08:15:00,9929528.8455167,371834.721240233,12
"364",2025-07-09 08:30:00,9929529.37292694,371844.533147821,11
"365",2025-07-09 08:45:00,9929526.95828913,371841.881831509,12
"366",2025-07-09 10:30:00,9929481.48408773,372028.231429614,12
"367",2025-07-09 10:45:00,9929486.25905264,372026.726176153,12
"368",2025-07-09 11:00:00,9929487.54854809,372019.474001465,12
"369",2025-07-09 11:15:00,9929512.65870787,372007.748180817,12
"370",2025-07-09 11:30:00,9929528.15080466,371970.716866353,8
"371",2025-07-09 11:45:00,9929514.12669775,371970.056939322,12
"372",2025-07-09 12:00:00,9929517.68836692,371967.809647646,12
"373",2025-07-09 12:15:00,9929515.16895772,371969.056202928,12
"374",2025-07-09 12:30:00,9929498.30071064,372002.283400714,12
"375",2025-07-09 12:45:00,9929569.1712224,372017.117645255,12
"376",2025-07-09 13:00:00,9929549.99894256,372034.126310319,12
"377",2025-07-10 06:15:00,9929739.83012135,372191.247695388,12
"378",2025-07-10 06:30:00,9929733.63816211,372178.806867597,12
"379",2025-07-10 06:45:00,9929740.90943965,372186.870300265,12
"380",2025-07-10 07:00:00,9929741.2962996,372179.868454059,12
"381",2025-07-10 07:15:00,9929737.50086667,372176.066495505,12
"382",2025-07-10 07:30:00,9929741.99969225,372189.944277357,12
"383",2025-07-10 07:45:00,9929748.76439529,372187.342651901,12
"384",2025-07-10 08:00:00,9929750.17240033,372188.703516531,12
"385",2025-07-10 08:15:00,9929750.07703472,372180.022957452,12
"386",2025-07-10 08:30:00,9929744.20148837,372184.037498741,12
"387",2025-07-10 08:45:00,9929739.26286796,372183.569321339,11
"388",2025-07-10 09:00:00,9929740.63146135,372180.020884667,12
"389",2025-07-10 09:15:00,9929728.67350854,372212.746340355,12
"390",2025-07-10 09:30:00,9929706.6218904,372254.920664835,12
"391",2025-07-10 09:45:00,9929701.60874655,372320.879564839,12
"392",2025-07-10 10:00:00,9929721.71831507,372383.059561225,12
"393",2025-07-10 10:15:00,9929715.93525784,372455.943476568,12
"394",2025-07-10 10:30:00,9929716.14823702,372489.03954939,7
"395",2025-07-10 10:45:00,9929723.63162063,372479.542418276,12
"396",2025-07-10 11:00:00,9929725.52773276,372557.772674388,12
"397",2025-07-10 11:15:00,9929730.39272135,372547.847075487,12
"398",2025-07-10 11:30:00,9929721.91155385,372550.918720889,12
"399",2025-07-10 11:45:00,9929727.02227488,372538.386642529,12
"400",2025-07-10 12:00:00,9929728.02512383,372547.049588407,11
"401",2025-07-10 12:15:00,9929734.05881784,372550.021528892,12
"402",2025-07-10 12:30:00,9929726.27782835,372478.959499294,12
"403",2025-07-10 12:45:00,9929783.07890482,372529.413653077,12
"404",2025-07-10 13:00:00,9929797.15362786,372542.627864923,12
"405",2025-07-10 13:15:00,9929804.98259286,372534.029304963,12
"406",2025-07-10 13:30:00,9929773.51740214,372518.409970984,12
"407",2025-07-10 13:45:00,9929723.86331067,372483.153189473,12
"408",2025-07-10 14:00:00,9929655.06446877,372467.816155331,10
"409",2025-07-10 14:15:00,9929579.4423768,372426.519277979,12
"410",2025-07-10 14:30:00,9929571.97485717,372442.357121842,12
"411",2025-07-10 14:45:00,9929536.41880884,372507.721699813,12
"412",2025-07-10 15:00:00,9929502.30295477,372504.04232948,12
"413",2025-07-10 15:15:00,9929503.08481614,372495.38189829,12
"414",2025-07-10 15:30:00,9929418.85471234,372488.036566601,12
"415",2025-07-10 15:45:00,9929379.15966207,372487.590701864,12
"416",2025-07-10 16:00:00,9929455.56680782,372433.020464275,11
"417",2025-07-10 16:15:00,9929419.9947251,372451.152317262,12
"418",2025-07-10 16:30:00,9929440.68864265,372484.471610186,12
"419",2025-07-10 16:45:00,9929449.97767393,372454.414607853,12
"420",2025-07-10 17:00:00,9929450.24846219,372407.097923891,9
"421",2025-07-14 06:45:00,9930331.09182303,372048.107229744,12
"422",2025-07-14 07:00:00,9930357.4205281,372050.432034252,12
"423",2025-07-14 07:15:00,9930368.09361424,372051.910830821,10
"424",2025-07-14 07:30:00,9930357.04343965,372042.236937824,12
"425",2025-07-14 07:45:00,9930359.00902674,372047.241160658,12
"426",2025-07-14 08:00:00,9930359.83567081,372045.596099547,12
"427",2025-07-14 08:15:00,9930365.2178672,372048.805467427,12
"428",2025-07-14 08:30:00,9930361.88215336,372049.676034051,12
"429",2025-07-14 08:45:00,9930350.56599616,372048.284520691,12
"430",2025-07-14 09:00:00,9930345.67924024,372039.979778136,12
"431",2025-07-14 09:15:00,9930347.90851118,372039.712744486,12
"432",2025-07-14 09:30:00,9930365.36400016,372063.673798814,12
"433",2025-07-14 09:45:00,9930354.9615635,372119.171822376,12
"434",2025-07-14 10:00:00,9930380.06287729,372103.936069925,11
"435",2025-07-14 10:15:00,9930359.46103331,372058.98697439,12
"436",2025-07-14 10:30:00,9930314.79491401,371990.371652823,12
"437",2025-07-14 10:45:00,9930291.68118789,371982.56210153,12
"438",2025-07-14 11:00:00,9930284.10496359,371951.286044905,11
"439",2025-07-14 11:15:00,9930278.97999959,371954.510894864,12
"440",2025-07-14 11:30:00,9930243.84468551,371964.199021639,12
"441",2025-07-14 11:45:00,9930320.18941968,371999.462032528,13
"442",2025-07-14 12:00:00,9930308.88108881,372058.727845323,13
"443",2025-07-14 12:15:00,9930323.23540791,372103.61742693,13
"444",2025-07-14 12:30:00,9930401.61023949,372166.187872235,13
"445",2025-07-14 12:45:00,9930405.37496402,372177.776439648,13
"446",2025-07-14 13:00:00,9930399.54954469,372173.83363906,11
"447",2025-07-14 13:15:00,9930405.05807996,372182.212218596,12
"448",2025-07-14 13:30:00,9930409.01141362,372184.146231129,12
"449",2025-07-14 13:45:00,9930406.33310568,372181.380929245,10
"450",2025-07-14 14:00:00,9930409.77521084,372177.658921672,12
"451",2025-07-14 14:15:00,9930404.54109468,372180.434461842,12
"452",2025-07-14 14:30:00,9930467.06048245,372179.167560366,12
"453",2025-07-14 14:45:00,9930485.79603368,372195.117161539,12
"454",2025-07-15 11:30:00,9929506.17789508,372507.701348626,12
"455",2025-07-15 11:45:00,9929543.41898261,372515.561580272,12
"456",2025-07-15 12:15:00,9929563.40719436,372723.967162907,10
"457",2025-07-15 12:30:00,9929528.55898823,372725.0208093,12
"458",2025-07-15 12:45:00,9929471.90776728,372705.957845739,12
"459",2025-07-15 13:00:00,9929471.74051065,372700.44640919,12
"460",2025-07-15 13:15:00,9929485.54165853,372723.003026475,12
"461",2025-07-15 13:30:00,9929441.49011305,372779.12461579,12
"462",2025-07-15 13:45:00,9929462.14210734,372815.264646031,12
"463",2025-07-15 14:00:00,9929439.1970264,372836.239080631,12
"464",2025-07-17 06:15:00,9929561.43823317,372210.180394327,12
"465",2025-07-17 06:30:00,9929560.65171356,372211.738360275,12
"466",2025-07-17 06:45:00,9929557.45772431,372206.644541156,11
"467",2025-07-17 07:00:00,9929562.4725326,372210.40605836,11
"468",2025-07-17 07:15:00,9929567.40082145,372239.908131094,12
"469",2025-07-17 07:30:00,9929498.9203167,372297.687116231,12
"470",2025-07-17 07:45:00,9929430.54851499,372458.597155317,12
"471",2025-07-17 08:00:00,9929425.89391506,372483.930696652,12
"472",2025-07-17 08:15:00,9929440.34704454,372483.271325345,12
"473",2025-07-17 08:30:00,9929522.02534897,372519.760138063,12
"474",2025-07-17 08:45:00,9929530.40629205,372519.412294207,11
"475",2025-07-17 09:00:00,9929537.79121513,372522.502259816,12
"476",2025-07-17 09:15:00,9929538.41287845,372519.310216668,12
"477",2025-07-17 09:30:00,9929534.64796658,372524.267470195,12
"478",2025-07-17 09:45:00,9929527.73381617,372514.500854087,12
"479",2025-07-17 10:00:00,9929535.39910311,372526.781263146,12
"480",2025-07-17 10:15:00,9929537.56333667,372525.722779943,12
"481",2025-07-17 10:30:00,9929531.40469426,372524.162651206,12
"482",2025-07-17 10:45:00,9929538.92017,372519.118220407,12
"483",2025-07-17 11:00:00,9929533.85582484,372524.903579011,12
"484",2025-07-17 11:15:00,9929534.6935615,372520.959163686,12
"485",2025-07-17 11:30:00,9929534.61375045,372512.837292289,12
"486",2025-07-17 11:45:00,9929536.95041247,372505.871840403,12
"487",2025-07-17 12:00:00,9929529.43534208,372509.528090837,11
"488",2025-07-17 12:15:00,9929537.49658854,372524.180586393,12
"489",2025-07-17 12:30:00,9929535.44270365,372531.861387315,12
"490",2025-07-17 12:45:00,9929539.38313093,372528.000955583,12
"491",2025-07-17 13:00:00,9929539.16856727,372528.37401212,12
"492",2025-07-17 13:15:00,9929537.50649531,372523.614671886,12
"493",2025-07-17 13:30:00,9929535.59486163,372532.031442492,12
"494",2025-07-17 13:45:00,9929538.46810782,372524.607911321,12
"495",2025-07-17 14:00:00,9929539.26947251,372516.852916846,12
"496",2025-07-17 14:15:00,9929535.76223418,372517.270943669,12
"497",2025-07-17 14:30:00,9929533.88873221,372526.972091306,12
"498",2025-07-17 14:45:00,9929588.88583254,372500.381364312,12
"499",2025-07-17 15:00:00,9929663.61701213,372441.316676152,12
"500",2025-07-17 15:15:00,9929664.30605346,372442.375360125,12
"501",2025-07-17 15:30:00,9929704.83261094,372469.999807818,12
"502",2025-07-17 15:45:00,9929719.11493129,372475.619222484,12
"503",2025-07-18 11:45:00,9929536.64396463,372561.844267435,12
"504",2025-07-18 12:00:00,9929416.50474661,372459.6101546,12
"505",2025-07-18 12:15:00,9929441.28997489,372459.297560944,12
"506",2025-07-18 12:30:00,9929461.45654573,372458.122451084,11
"507",2025-07-18 12:45:00,9929498.50526663,372462.455667727,12
"508",2025-07-18 13:00:00,9929537.16707158,372528.625510244,12
"509",2025-07-18 13:15:00,9929537.66075454,372522.835696698,12
"510",2025-07-18 13:30:00,9929542.31846413,372521.913360596,12
"511",2025-07-18 13:45:00,9929534.61065156,372519.696034914,12
"512",2025-07-18 14:00:00,9929532.7768,372520.323565027,12
"513",2025-07-18 14:15:00,9929532.90894604,372513.734765775,12
"514",2025-07-18 14:30:00,9929541.89780316,372522.763250002,8
"515",2025-07-18 14:45:00,9929535.20856738,372520.658843147,12
"516",2025-07-18 15:00:00,9929537.1993428,372527.876146906,12
"517",2025-07-18 15:15:00,9929528.14196565,372505.966913319,12
"518",2025-07-18 15:30:00,9929533.60142944,372519.870985624,12
"519",2025-07-18 15:45:00,9929534.94710724,372518.737285032,12
"520",2025-07-18 16:00:00,9929534.33172816,372522.442266486,11
"521",2025-07-18 16:15:00,9929524.70356456,372510.276476451,12
"522",2025-07-18 16:30:00,9929550.98120671,372491.643656351,12
"523",2025-07-18 16:45:00,9929557.94566555,372418.669359213,12
"524",2025-07-19 08:00:00,9929565.95393465,370151.047165431,12
"525",2025-07-19 08:15:00,9929575.65575861,370150.278634276,12
"526",2025-07-19 08:30:00,9929632.72921993,370176.489950569,12
"527",2025-07-19 08:45:00,9929677.9915908,370188.133126396,12
"528",2025-07-19 09:00:00,9929741.11645966,370178.522205992,12
"529",2025-07-19 09:15:00,9929786.28959346,370260.19478043,12
"530",2025-07-19 09:30:00,9929807.06748861,370302.017562404,12
"531",2025-07-19 09:45:00,9929855.96372424,370299.430611201,12
"532",2025-07-19 10:00:00,9929841.73287662,370347.981518903,12
"533",2025-07-19 10:15:00,9929833.30219957,370414.240900349,12
"534",2025-07-19 10:30:00,9929844.63677651,370401.19889964,12
"535",2025-07-19 10:45:00,9929835.75654217,370367.513104875,12
"536",2025-07-19 11:00:00,9929841.40405054,370417.057806993,12
"537",2025-07-19 11:15:00,9929837.82664371,370414.732716529,12
"538",2025-07-19 11:30:00,9929852.51302031,370468.828305022,12
"539",2025-07-19 11:45:00,9929826.1227984,370530.003184225,12
"540",2025-07-19 12:00:00,9929774.83493019,370621.010909717,12
"541",2025-07-19 12:15:00,9929739.57355493,370630.487225291,12
"542",2025-07-19 12:30:00,9929665.46881323,370681.162929274,12
"543",2025-07-19 12:45:00,9929746.3271235,370770.588440491,12
"544",2025-07-19 13:00:00,9929762.68825912,370807.00415052,12
"545",2025-07-19 13:15:00,9929756.15898652,370791.954321624,12
"546",2025-07-22 08:45:00,9928848.72142245,372531.206360064,12
"547",2025-07-22 09:00:00,9928841.04082036,372588.351608841,12
"548",2025-07-22 09:15:00,9928867.89864864,372698.347092328,12
"549",2025-07-22 09:30:00,9928929.29700192,372698.252643489,12
"550",2025-07-22 09:45:00,9928918.99087455,372717.401712813,12
"551",2025-07-22 10:00:00,9928940.84891862,372745.740051783,12
"552",2025-07-22 10:15:00,9928955.69278044,372796.924988152,12
"553",2025-07-22 10:30:00,9928905.03946512,372820.482016337,12
"554",2025-07-22 10:45:00,9928913.96682374,372896.259516519,12
"555",2025-07-22 11:00:00,9928920.10294707,372948.936552847,12
"556",2025-07-22 11:15:00,9928959.16673439,372965.298707898,12
"557",2025-07-22 11:30:00,9928952.93694005,372973.631937457,12
"558",2025-07-22 11:45:00,9928952.88543372,372974.546847547,12
"559",2025-07-22 12:00:00,9928951.86383596,372978.162524985,12
"560",2025-07-22 12:15:00,9928950.55368739,372982.931790244,12
"561",2025-07-22 12:30:00,9928953.37492169,372967.454210645,12
"562",2025-07-22 12:45:00,9928951.25731181,372969.806154115,12
"563",2025-07-22 13:00:00,9928948.09594543,372966.407407424,12
"564",2025-07-22 13:15:00,9929049.38463691,372925.570743423,12
"565",2025-07-22 13:30:00,9929222.46360246,372897.253367752,12
"566",2025-07-22 13:45:00,9929472.40902483,372803.713294778,12
"567",2025-07-22 14:00:00,9929109.83193745,372761.031750784,12
"568",2025-07-22 14:15:00,9928853.97501838,373080.525780248,12
"569",2025-07-22 14:30:00,9928856.22406359,373072.030682551,12
"570",2025-07-22 14:45:00,9928843.53743193,373088.395496115,12
"571",2025-07-22 15:00:00,9928843.62443359,373094.232183104,12
"572",2025-07-22 15:15:00,9928847.23231641,373101.86041108,12
"573",2025-07-22 15:30:00,9928824.1700263,373109.6523569,12
"574",2025-07-22 15:45:00,9928829.65063494,373111.05431476,12
"575",2025-07-22 16:00:00,9928814.40807841,373113.844429982,12
"576",2025-07-22 16:15:00,9928817.60478449,373095.707218891,12
"577",2025-07-22 16:30:00,9928801.46692508,373100.702286521,12
"578",2025-07-22 16:45:00,9928787.51470844,373072.424627584,12
"579",2025-07-22 17:00:00,9928786.270268,373070.449505434,12
"580",2025-07-23 10:00:00,9930614.72391456,372443.734166082,12
"581",2025-07-23 10:15:00,9930561.87523354,372446.91837509,12
"582",2025-07-23 10:30:00,9930488.5066197,372417.132951001,12
"583",2025-07-23 10:45:00,9930499.64212892,372411.771299758,12
"584",2025-07-23 11:00:00,9930503.48798424,372406.160381596,12
"585",2025-07-23 11:15:00,9930495.15359461,372423.67316088,12
"586",2025-07-23 11:30:00,9930501.4569276,372415.87011033,12
"587",2025-07-23 11:45:00,9930497.9904312,372415.557588118,12
"588",2025-07-23 12:00:00,9930504.282423,372415.975679784,12
"589",2025-07-23 12:15:00,9930503.88495559,372413.48368914,12
"590",2025-07-23 12:30:00,9930504.03762723,372412.470724337,12
"591",2025-07-23 12:45:00,9930499.41452592,372419.771299265,12
"592",2025-07-23 13:00:00,9930507.24332637,372417.312874196,10
"593",2025-07-23 13:15:00,9930421.56121018,372359.621850042,12
"594",2025-07-23 13:30:00,9930409.57423171,372361.992365982,11
"595",2025-07-23 13:45:00,9930426.94964727,372377.211280237,12
"596",2025-07-23 14:00:00,9930423.52645138,372370.117990094,12
"597",2025-07-23 14:15:00,9930419.80026858,372382.717292362,12
"598",2025-07-23 14:30:00,9930422.9411754,372378.722636714,10
"599",2025-07-23 14:45:00,9930419.77475522,372375.496383791,12
"600",2025-07-23 15:00:00,9930422.69354364,372378.430386043,12
"601",2025-07-23 15:15:00,9930421.77177102,372379.541455853,12
"602",2025-07-23 15:30:00,9930453.40846361,372367.391288637,12
"603",2025-07-23 15:45:00,9930482.26300393,372324.01373127,12
"604",2025-07-23 16:00:00,9930605.96159985,372340.974270033,12
"605",2025-07-23 16:15:00,9930614.13719475,372338.701124118,12
"606",2025-07-23 16:30:00,9930631.61471622,372329.637107243,12
"607",2025-07-24 09:30:00,9928889.87180726,372740.700250949,9
"608",2025-07-24 09:45:00,9928847.69161768,372554.452584892,9
"609",2025-07-24 10:30:00,9928983.43716717,372414.549511233,12
"610",2025-07-24 10:45:00,9929013.08277306,372476.847053533,12
"611",2025-07-24 11:00:00,9929000.51971972,372517.643282121,12
"612",2025-07-24 11:15:00,9928983.09073075,372522.443527998,12
"613",2025-07-24 11:30:00,9929008.57055224,372523.969079889,12
"614",2025-07-24 11:45:00,9929012.88720283,372517.317768071,12
"615",2025-07-24 12:00:00,9929008.37943205,372518.695440864,12
"616",2025-07-24 12:15:00,9929006.74499707,372523.586279029,12
"617",2025-07-24 12:30:00,9929007.25972562,372518.6374498,12
"618",2025-07-24 12:45:00,9929006.24202727,372522.383806038,12
"619",2025-07-24 13:00:00,9929008.24316852,372510.276072941,12
"620",2025-07-24 13:15:00,9929012.0579329,372479.597548113,12
"621",2025-07-24 13:30:00,9928950.02358123,372448.991230011,9
"622",2025-07-25 09:30:00,9929337.68397138,372152.050501308,12
"623",2025-07-25 09:45:00,9929370.61503568,372185.669129928,12
"624",2025-07-25 10:00:00,9929351.48186859,372170.554570871,11
"625",2025-07-25 10:15:00,9929341.54293545,372131.71819209,11
"626",2025-07-25 10:30:00,9929367.58900486,372193.600652824,12
"627",2025-07-25 10:45:00,9929454.40468176,372173.867421139,12
"628",2025-07-25 11:00:00,9929486.77331636,372040.416855456,12
"629",2025-07-25 11:15:00,9929568.8504815,372026.197740126,12
"630",2025-07-25 11:30:00,9929588.22774808,372052.385867074,12
"631",2025-07-25 11:45:00,9929590.27185901,372052.810541472,12
"632",2025-07-25 12:00:00,9929567.52682941,372063.817628629,12
"633",2025-07-25 12:15:00,9929570.6886021,372069.044524941,12
"634",2025-07-25 12:30:00,9929565.03086041,372062.971449273,12
"635",2025-07-25 12:45:00,9929515.92751959,372039.301701531,12
"636",2025-07-25 13:00:00,9929574.94955914,372006.639077775,12
"637",2025-07-25 13:15:00,9929521.27764697,372001.545108117,9
"638",2025-07-26 08:00:00,9929451.04134534,371882.075054252,12
"639",2025-07-26 08:15:00,9929445.93648328,371899.973415036,12
"640",2025-07-26 08:30:00,9929453.81856057,371900.984303749,12
"641",2025-07-26 08:45:00,9929452.43817692,371898.904403602,12
"642",2025-07-26 09:00:00,9929448.88811576,371901.234327471,12
"643",2025-07-26 09:15:00,9929435.64437753,371878.473980179,12
"644",2025-07-26 09:30:00,9929452.55148258,371846.177148133,12
"645",2025-07-26 09:45:00,9929462.54360626,371848.609404651,11
"646",2025-07-26 10:00:00,9929532.72770702,371850.064028576,12
"647",2025-07-26 10:15:00,9929593.25633818,371841.514959932,12
"648",2025-07-26 10:30:00,9929631.01958767,371863.570383148,12
"649",2025-07-26 10:45:00,9929668.54105282,371847.113786004,12
"650",2025-07-26 11:00:00,9929670.62719758,371845.534475143,12
"651",2025-07-26 11:15:00,9929712.40250975,371824.69040353,12
"652",2025-07-26 11:30:00,9929736.76924877,371796.684571591,12
"653",2025-07-26 11:45:00,9929736.83397902,371799.541392293,12
"654",2025-07-26 12:00:00,9929735.92126789,371785.760546999,12
"655",2025-07-26 12:15:00,9929783.83592456,371773.357163361,12
"656",2025-07-26 14:30:00,9929778.82893637,372025.391734623,11
"657",2025-07-26 14:45:00,9929759.06922935,372006.189037231,12
"658",2025-07-26 15:00:00,9929704.74589415,371979.468637802,12
"659",2025-07-26 15:15:00,9929676.2151111,371995.589710343,12
"660",2025-07-26 15:30:00,9929664.12988849,372011.715463272,12
"661",2025-07-26 15:45:00,9929658.38748735,372010.22613422,10
"662",2025-07-26 16:00:00,9929662.38761352,372021.20746637,12
"663",2025-07-26 16:15:00,9929661.03184436,372025.556268048,12
"664",2025-07-26 16:30:00,9929662.19688869,372032.848301665,9
"665",2025-07-27 08:15:00,9929616.3589741,372076.366446336,12
"666",2025-07-27 08:30:00,9929638.22471751,372166.944580433,12
"667",2025-07-27 08:45:00,9929641.71057485,372167.634826258,12
"668",2025-07-27 09:00:00,9929643.74226664,372164.256609275,12
"669",2025-07-27 10:15:00,9929714.22595362,372405.254889437,12
"670",2025-07-27 10:30:00,9929677.72963888,372399.135893783,12
"671",2025-07-27 10:45:00,9929678.64195772,372407.731683396,12
"672",2025-07-27 11:00:00,9929706.19979967,372402.233555825,12
"673",2025-07-27 11:15:00,9929709.37800666,372401.522166701,12
"674",2025-07-27 11:30:00,9929729.21393725,372385.956182124,12
"675",2025-07-27 11:45:00,9929732.13283823,372382.523331569,12
"676",2025-07-27 12:00:00,9929742.65182225,372372.352372678,12
"677",2025-07-29 06:45:00,9928853.14639744,373110.240445001,9
"678",2025-07-29 07:00:00,9928867.46881404,373147.920096799,12
"679",2025-07-29 07:15:00,9928854.00416264,373172.902924786,12
"680",2025-07-29 07:30:00,9928852.40559369,373189.672111535,12
"681",2025-07-29 07:45:00,9928849.95242922,373193.621697941,12
"682",2025-07-29 08:00:00,9928844.8365535,373186.452509404,12
"683",2025-07-29 08:15:00,9928811.68315216,373228.56209191,12
"684",2025-07-29 08:30:00,9928780.54337524,373217.606140749,12
"685",2025-07-29 08:45:00,9928791.38413655,373220.550772203,12
"686",2025-07-29 09:00:00,9928799.60949402,373258.132999385,12
"687",2025-07-29 09:15:00,9928839.251617,373315.896047374,12
"688",2025-07-29 09:30:00,9928897.40062542,373392.991902083,12
"689",2025-07-29 09:45:00,9928898.59510115,373357.856796079,12
"690",2025-07-29 10:00:00,9928876.12174638,373267.513990102,12
"691",2025-07-29 10:15:00,9928851.32606524,373269.128874004,12
"692",2025-07-29 10:30:00,9928853.53544681,373276.622008332,12
"693",2025-07-29 10:45:00,9928846.67595667,373279.944344418,12
"694",2025-07-29 11:00:00,9928851.97689555,373281.715047824,10
"695",2025-07-29 11:15:00,9928852.78845252,373283.554360733,11
"696",2025-07-29 11:30:00,9928841.81335401,373248.418885772,12
"697",2025-07-29 11:45:00,9928836.58107998,373252.478712741,12
"698",2025-07-29 12:00:00,9928832.43381118,373250.022445919,12
"699",2025-07-29 12:15:00,9928831.17674148,373250.314306872,12
"700",2025-07-29 12:30:00,9928837.36914653,373244.044414312,12
"701",2025-07-29 12:45:00,9928833.78308712,373244.230049788,12
"702",2025-07-29 13:00:00,9928835.98482696,373248.52368755,12
"703",2025-07-29 13:15:00,9928842.62666187,373245.710551545,12
"704",2025-07-29 13:30:00,9928865.55087971,373231.880229089,12
"705",2025-07-29 13:45:00,9928841.05783474,373250.456034942,12
"706",2025-07-29 14:00:00,9928753.29630889,373162.19101629,9
"707",2025-07-30 07:45:00,9928946.02188877,373222.461774321,12
"708",2025-07-30 08:00:00,9928948.10207321,373204.735384242,12
"709",2025-07-30 08:15:00,9928937.61803408,373167.061085682,12
"710",2025-07-30 08:30:00,9928928.42350436,373132.671411833,12
"711",2025-07-30 08:45:00,9928925.94967496,373127.008870323,12
"712",2025-07-30 09:00:00,9928925.29192121,373124.223052833,12
"713",2025-07-30 09:15:00,9928923.06095505,373127.382059334,12
"714",2025-07-30 09:30:00,9928924.31477134,373117.48912695,11
"715",2025-07-30 09:45:00,9928929.56971095,373116.504493767,12
"716",2025-07-30 10:00:00,9928931.49854254,373119.554248913,12
"717",2025-07-30 10:15:00,9928924.23794274,373135.026133907,12
"718",2025-07-30 10:30:00,9928898.80556299,373114.167408734,12
"719",2025-07-30 10:45:00,9928971.86370814,373057.347086416,12
"720",2025-07-30 11:00:00,9929011.59714334,372994.903464436,12
"721",2025-07-30 11:15:00,9929045.83571861,372905.289530503,12
"722",2025-07-30 11:30:00,9929088.67251324,372921.839220674,12
"723",2025-07-30 11:45:00,9929142.39808837,372938.441486147,12
"724",2025-07-30 12:00:00,9929139.46364935,372917.231322225,12
"725",2025-07-30 12:15:00,9929178.54034304,372911.837828293,12
"726",2025-07-30 12:30:00,9929171.05322173,372853.604054211,12
"727",2025-07-30 12:45:00,9929183.12993361,372820.245884124,12
"728",2025-07-30 13:00:00,9929195.72843523,372830.883544376,12
"729",2025-07-30 13:15:00,9929309.32213147,372807.194006823,12
"730",2025-07-30 13:30:00,9929300.63020201,372813.932348601,12
"731",2025-07-30 13:45:00,9929304.63124035,372815.183010552,12
"732",2025-07-30 14:00:00,9929300.80762083,372813.108389348,12
"733",2025-07-30 14:15:00,9929303.23657965,372814.824409735,12
"734",2025-07-30 14:30:00,9929305.45408393,372817.139404865,12
"735",2025-07-31 06:45:00,9929091.23201774,372669.163369169,9
"736",2025-07-31 07:00:00,9929103.33879355,372637.987142432,12
"737",2025-07-31 07:15:00,9929077.39067234,372552.103278041,12
"738",2025-07-31 07:30:00,9929082.07044498,372539.411134521,12
"739",2025-07-31 07:45:00,9929122.44267741,372487.72797454,11
"740",2025-07-31 08:00:00,9929119.557149,372506.053359791,12
"741",2025-07-31 08:15:00,9929088.94642995,372527.072866002,12
"742",2025-07-31 08:30:00,9929085.83393285,372548.785026403,12
"743",2025-07-31 08:45:00,9929083.84904495,372519.721048272,12
"744",2025-07-31 09:00:00,9929073.52146736,372481.012837089,12
"745",2025-07-31 09:15:00,9929098.56199545,372424.134373664,12
"746",2025-07-31 09:30:00,9929122.72136554,372398.007325369,12
"747",2025-07-31 09:45:00,9929120.62914514,372382.682166962,12
"748",2025-07-31 10:00:00,9929103.61823367,372392.912005488,11
"749",2025-07-31 10:15:00,9929139.09902883,372305.166605173,12
"750",2025-07-31 10:30:00,9929118.01278873,372240.784568358,12
"751",2025-07-31 10:45:00,9929056.87282154,372167.601664727,12
"752",2025-07-31 11:00:00,9929051.99442546,372189.928941989,12
"753",2025-07-31 11:15:00,9929048.18545447,372253.148382991,12
"754",2025-07-31 11:30:00,9929028.93458777,372250.212038919,12
"755",2025-07-31 11:45:00,9928994.9930684,372276.56268015,12
"756",2025-07-31 12:00:00,9929003.11340392,372296.767408546,12
"757",2025-07-31 12:15:00,9929011.7040381,372347.80255521,12
"758",2025-07-31 12:30:00,9929012.30668022,372349.28963176,12
"759",2025-07-31 12:45:00,9928977.7104621,372328.264517893,12
"760",2025-08-03 07:45:00,9930590.05874672,372094.068852717,12
"761",2025-08-03 08:00:00,9930601.38223904,372104.283236474,12
"762",2025-08-03 08:15:00,9930601.40543297,372104.392110946,12
"763",2025-08-03 08:30:00,9930593.78885675,372098.392863395,11
"764",2025-08-03 08:45:00,9930588.42693832,372096.889507686,12
"765",2025-08-03 09:00:00,9930581.71036866,372090.003563407,12
"766",2025-08-03 09:15:00,9930582.75198447,372080.354432302,11
"767",2025-08-03 09:30:00,9930589.82978484,372099.272586012,12
"768",2025-08-03 09:45:00,9930584.7971302,372098.651821035,11
"769",2025-08-03 10:00:00,9930581.38513909,372101.225515034,11
"770",2025-08-03 10:15:00,9930591.03574704,372091.308438777,12
"771",2025-08-03 10:30:00,9930591.11137385,372091.055513601,12
"772",2025-08-03 10:45:00,9930590.54238238,372091.577407464,12
"773",2025-08-03 11:00:00,9930589.87770798,372092.519723574,12
"774",2025-08-03 11:15:00,9930592.47314988,372089.373145319,12
"775",2025-08-03 11:30:00,9930592.67667392,372108.886285611,12
"776",2025-08-03 11:45:00,9930593.23894676,372112.879278385,12
"777",2025-08-03 12:00:00,9930592.80469767,372115.190606909,12
"778",2025-08-03 12:15:00,9930593.73814307,372110.933526057,12
"779",2025-08-03 12:30:00,9930582.32854025,372102.440274979,12
"780",2025-08-03 12:45:00,9930574.41834599,372100.089047079,12
"781",2025-08-03 13:00:00,9930567.63288445,372120.438404304,12
"782",2025-08-04 08:15:00,9929817.66783175,371722.362091105,12
"783",2025-08-04 08:30:00,9929820.31648949,371723.297077299,11
"784",2025-08-04 08:45:00,9929812.12739414,371719.444352779,12
"785",2025-08-04 09:00:00,9929814.39688094,371719.345076112,12
"786",2025-08-04 09:15:00,9929812.06159939,371718.712166314,12
"787",2025-08-04 09:30:00,9929815.13661368,371726.107778047,12
"788",2025-08-04 09:45:00,9929821.37653016,371707.756935769,12
"789",2025-08-04 10:00:00,9929815.25833121,371717.839211481,12
"790",2025-08-04 10:15:00,9929816.32861114,371717.925130494,12
"791",2025-08-04 10:30:00,9929803.5393462,371717.584557303,12
"792",2025-08-04 10:45:00,9929783.01416072,371686.173766897,12
"793",2025-08-04 11:00:00,9929793.07100229,371677.826563055,12
"794",2025-08-04 11:15:00,9929768.15332245,371590.233033908,12
"795",2025-08-04 11:30:00,9929721.03749601,371597.519757924,12
"796",2025-08-04 11:45:00,9929720.4395088,371630.719258013,12
"797",2025-08-04 12:00:00,9929712.16940159,371676.419543817,12
"798",2025-08-04 12:15:00,9929690.21883874,371686.989751517,12
"799",2025-08-04 12:30:00,9929670.26432734,371690.315778144,12
"800",2025-08-04 12:45:00,9929663.47283423,371686.853275985,12
"801",2025-08-04 13:00:00,9929666.14686473,371679.473353613,12
"802",2025-08-04 13:15:00,9929670.32946551,371677.555341332,12
"803",2025-08-04 13:30:00,9929678.03097324,371679.850435468,11
"804",2025-08-04 13:45:00,9929670.71305346,371790.827982667,12
"805",2025-08-04 14:00:00,9929788.70749173,371819.814726462,11
"806",2025-08-04 14:15:00,9929722.81908309,371895.528003689,12
"807",2025-08-05 06:15:00,9929608.84499364,372185.114224694,12
"808",2025-08-05 06:30:00,9929610.98387798,372170.875128942,8
"809",2025-08-05 06:45:00,9929607.4492135,372193.636617248,12
"810",2025-08-05 07:00:00,9929609.08166196,372193.728624678,12
"811",2025-08-05 07:15:00,9929605.89631056,372190.273110584,11
"812",2025-08-05 07:30:00,9929611.36722055,372165.384055341,12
"813",2025-08-05 07:45:00,9929588.24937133,372197.781742206,12
"814",2025-08-05 08:15:00,9929557.6952285,372271.813047993,12
"815",2025-08-05 08:30:00,9929554.53188061,372266.570573818,12
"816",2025-08-05 08:45:00,9929475.25029973,372309.226087183,12
"817",2025-08-05 09:00:00,9929431.49506439,372326.235111977,12
"818",2025-08-05 09:15:00,9929366.61607722,372356.144462331,12
"819",2025-08-05 09:30:00,9929345.4440627,372360.407537369,12
"820",2025-08-05 09:45:00,9929240.16217003,372346.097312843,12
"821",2025-08-05 10:00:00,9929254.00394054,372315.328784098,12
"822",2025-08-05 10:15:00,9929256.53788319,372316.91874439,12
"823",2025-08-05 10:30:00,9929255.78522244,372318.067709219,12
"824",2025-08-05 10:45:00,9929260.70580644,372308.236315405,12
"825",2025-08-05 11:00:00,9929242.31342972,372325.054667879,12
"826",2025-08-05 11:15:00,9929231.62279139,372368.582875537,12
"827",2025-08-05 11:30:00,9929235.63337563,372370.962853521,12
"828",2025-08-05 11:45:00,9929278.78534878,372387.713649796,12
"829",2025-08-05 12:00:00,9929273.86138424,372389.307596011,12
"830",2025-08-05 12:15:00,9929294.76326836,372365.054172555,9
"831",2025-08-08 07:30:00,9928825.77654608,373235.521716673,12
"832",2025-08-08 07:45:00,9928826.06392773,373232.640721875,12
"833",2025-08-08 08:00:00,9928826.37480509,373227.672660898,12
"834",2025-08-08 08:15:00,9928793.54054291,373198.355142341,12
"835",2025-08-08 08:30:00,9928798.32746134,373160.614471071,12
"836",2025-08-08 08:45:00,9928782.94650574,373135.037499121,12
"837",2025-08-08 09:00:00,9928716.77977533,373106.854540112,12
"838",2025-08-08 09:15:00,9928640.16175706,373084.024588087,12
"839",2025-08-08 09:30:00,9928742.85021026,373066.53680597,12
"840",2025-08-08 09:45:00,9928779.22263535,372995.531360355,12
"841",2025-08-08 10:00:00,9928798.94587529,373001.317557846,12
"842",2025-08-08 10:15:00,9928870.07154533,372987.562766991,12
"843",2025-08-08 10:30:00,9928873.22055561,372946.072321754,12
"844",2025-08-08 10:45:00,9928845.47565401,372898.595529499,12
"845",2025-08-08 11:00:00,9928850.60850323,372900.172096309,11
"846",2025-08-08 11:15:00,9928847.61859846,372902.497256736,12
"847",2025-08-08 11:30:00,9928843.27282454,372892.873014385,12
"848",2025-08-08 11:45:00,9928841.93784839,372890.23276661,12
"849",2025-08-08 12:00:00,9928838.13095267,372890.317458003,12
"850",2025-08-08 12:15:00,9928833.69855857,372887.017953,12
"851",2025-08-08 12:30:00,9928835.00730732,372883.042186412,12
"852",2025-08-08 12:45:00,9928829.18979307,372887.510124053,12
"853",2025-08-08 13:00:00,9928829.76636554,372882.928268032,12
"854",2025-08-08 13:15:00,9928810.37674796,372897.993892969,12
"855",2025-08-08 13:30:00,9928818.40778834,372874.664543888,12
"856",2025-08-08 13:45:00,9928825.04221003,372800.89689859,12
"857",2025-08-09 08:45:00,9929092.47309901,372651.427886924,12
"858",2025-08-09 09:00:00,9929090.7572896,372654.931784691,12
"859",2025-08-09 09:15:00,9929085.82714092,372697.984364027,12
"860",2025-08-09 09:30:00,9929103.67047927,372719.220049602,12
"861",2025-08-09 09:45:00,9929158.68756066,372727.919789355,11
"862",2025-08-09 10:00:00,9929184.03087295,372718.8523715,12
"863",2025-08-09 10:15:00,9929188.25544337,372714.872797323,12
"864",2025-08-09 10:30:00,9929187.66409317,372719.057540456,12
"865",2025-08-09 10:45:00,9929188.64574078,372720.946784732,9
"866",2025-08-10 07:30:00,9928983.92838573,373032.468893539,12
"867",2025-08-10 07:45:00,9929019.51609039,372988.199240641,12
"868",2025-08-10 08:00:00,9928994.71404802,372964.938809762,12
"869",2025-08-10 08:15:00,9928995.14468562,372905.109714277,12
"870",2025-08-10 08:30:00,9929000.64662118,372894.828508549,12
"871",2025-08-10 08:45:00,9928978.4445892,372823.3621963,12
"872",2025-08-10 09:00:00,9928993.45487843,372845.325226611,12
"873",2025-08-10 09:15:00,9928966.46179074,372834.545378754,12
"874",2025-08-10 09:30:00,9928994.61677772,372820.045467197,12
"875",2025-08-10 09:45:00,9929081.95300703,372818.894125229,12
"876",2025-08-10 10:00:00,9929085.16874514,372775.18440543,12
"877",2025-08-10 10:15:00,9929085.33662788,372697.153598237,12
"878",2025-08-10 10:30:00,9929094.93201966,372676.667254046,12
"879",2025-08-10 10:45:00,9929075.24005453,372692.035311751,10
"880",2025-08-10 11:00:00,9929074.63975736,372692.094596797,12
"881",2025-08-10 11:15:00,9929075.36909826,372690.402170903,12
"882",2025-08-10 11:30:00,9929074.93555115,372692.308208187,12
"883",2025-08-10 11:45:00,9929069.82343606,372695.075844371,12
"884",2025-08-13 07:00:00,9929823.76082987,371709.989084379,12
"885",2025-08-13 07:15:00,9929858.5296562,371663.479740113,12
"886",2025-08-13 07:30:00,9929860.08637602,371642.524802773,12
"887",2025-08-13 07:45:00,9929855.19923062,371646.551283953,12
"888",2025-08-13 08:00:00,9929855.55329383,371651.756187169,12
"889",2025-08-13 08:15:00,9929850.91268382,371649.679420956,12
"890",2025-08-13 08:30:00,9929849.04761229,371638.479057803,12
"891",2025-08-13 08:45:00,9929846.29001869,371683.131059042,12
"892",2025-08-13 09:00:00,9929808.64550988,371726.265681858,12
"893",2025-08-13 09:15:00,9929785.96957761,371752.883440003,12
"894",2025-08-13 09:30:00,9929737.9656334,371745.865390921,12
"895",2025-08-13 09:45:00,9929629.16740133,371719.808501558,12
"896",2025-08-13 10:00:00,9929633.59328084,371683.601452791,12
"897",2025-08-13 10:15:00,9929638.54410996,371674.255810618,12
"898",2025-08-13 10:30:00,9929713.28754388,371659.11134064,12
"899",2025-08-13 10:45:00,9929721.9996268,371697.526532962,12
"900",2025-08-13 11:00:00,9929717.5323943,371659.289384919,12
"901",2025-08-13 11:15:00,9929717.15612454,371644.592769014,12
"902",2025-08-13 11:30:00,9929695.08522911,371645.420232983,12
"903",2025-08-13 11:45:00,9929664.16426608,371574.324616207,12
"904",2025-08-14 06:00:00,9929496.8340388,372046.03803283,12
"905",2025-08-14 06:15:00,9929492.82655035,372064.375921737,12
"906",2025-08-14 06:30:00,9929491.61492811,372053.80663886,12
"907",2025-08-14 06:45:00,9929498.96411918,372064.839745792,12
"908",2025-08-14 07:00:00,9929487.84803205,372056.937716198,12
"909",2025-08-14 07:15:00,9929491.64591225,372057.732225102,12
"910",2025-08-14 07:30:00,9929540.61495393,372088.484443827,12
"911",2025-08-14 07:45:00,9929569.54684684,372146.706563435,12
"912",2025-08-14 08:00:00,9929565.63391924,372201.277042891,12
"913",2025-08-14 08:15:00,9929560.92758387,372257.766060803,12
