type,tident,ident,Latitude,Longitude,y_proj,x_proj,comment,new_trk,new_seg,display,color,altitude,depth,temp,time,model,filename,ltime,desc,link
TRACK,6/22/2025 14:51,T1,-0.63769117,-76.15187388,9929501.595,371824.4717,,FALSE,FALSE,,,206.88,,,2025/06/22 16:22:19+00,garmin GPSMAP 65 Software Version 460,,6/22/2025 11:22,,
TRACK,6/22/2025 14:51,T1,-0.637726542,-76.15187329,9929497.685,371824.5379,,FALSE,FALSE,,,207.02,,,2025/06/22 16:22:39+00,garmin GPSMAP 65 Software Version 460,,6/22/2025 11:22,,
TRACK,6/22/2025 14:51,T1,-0.637734169,-76.15188327,9929496.841,371823.428,,FALSE,FALSE,,,206.5,,,2025/06/22 16:22:59+00,garmin GPSMAP 65 Software Version 460,,6/22/2025 11:22,,
TRACK,6/22/2025 14:51,T1,-0.637739785,-76.1519002,9929496.22,371821.5438,,FALSE,FALSE,,,206,,,2025/06/22 16:23:19+00,garmin GPSMAP 65 Software Version 460,,6/22/2025 11:23,,
TRACK,6/22/2025 14:51,T1,-0.637742551,-76.15190104,9929495.914,371821.4506,,FALSE,FALSE,,,205.18,,,2025/06/22 16:23:39+00,garmin GPSMAP 65 Software Version 460,,6/22/2025 11:23,,
TRACK,6/22/2025 14:51,T1,-0.637729978,-76.15190514,9929497.304,371820.9932,,FALSE,FALSE,,,203.89,,,2025/06/22 16:23:59+00,garmin GPSMAP 65 Software Version 460,,6/22/2025 11:23,,
TRACK,6/22/2025 14:51,T1,-0.63771707,-76.15191788,9929498.731,371819.575,,FALSE,FALSE,,,203.65,,,2025/06/22 16:24:19+00,garmin GPSMAP 65 Software Version 460,,6/22/2025 11:24,,
TRACK,6/22/2025 14:51,T1,-0.63771883,-76.15191193,9929498.536,371820.2374,,FALSE,FALSE,,,203.47,,,2025/06/22 16:24:39+00,garmin GPSMAP 65 Software Version 460,,6/22/2025 11:24,,
TRACK,6/22/2025 14:51,T1,-0.637732158,-76.15189693,9929497.063,371821.9074,,FALSE,FALSE,,,204.85,,,2025/06/22 16:24:59+00,garmin GPSMAP 65 Software Version 460,,6/22/2025 11:24,,
TRACK,6/22/2025 14:51,T1,-0.637746323,-76.15188939,9929495.498,371822.7473,,FALSE,FALSE,,,205.37,,,2025/06/22 16:25:19+00,garmin GPSMAP 65 Software Version 460,,6/22/2025 11:25,,
TRACK,6/22/2025 14:51,T1,-0.637745317,-76.15187095,9929495.609,371824.7995,,FALSE,FALSE,,,206.47,,,2025/06/22 16:25:39+00,garmin GPSMAP 65 Software Version 460,,6/22/2025 11:25,,
TRACK,6/22/2025 14:51,T1,-0.637744227,-76.15186977,9929495.73,371824.9301,,FALSE,FALSE,,,205.98,,,2025/06/22 16:25:58+00,garmin GPSMAP 65 Software Version 460,,6/22/2025 11:25,,
TRACK,6/22/2025 14:51,T1,-0.637739869,-76.15186592,9929496.212,371825.3591,,FALSE,FALSE,,,206.59,,,2025/06/22 16:26:19+00,garmin GPSMAP 65 Software Version 460,,6/22/2025 11:26,,
TRACK,6/22/2025 14:51,T1,-0.63772914,-76.15186893,9929497.398,371825.023,,FALSE,FALSE,,,208.31,,,2025/06/22 16:26:39+00,garmin GPSMAP 65 Software Version 460,,6/22/2025 11:26,,
TRACK,6/22/2025 14:51,T1,-0.637727883,-76.15186525,9929497.537,371825.4334,,FALSE,FALSE,,,208.69,,,2025/06/22 16:26:59+00,garmin GPSMAP 65 Software Version 460,,6/22/2025 11:26,,
TRACK,6/22/2025 14:51,T1,-0.637764763,-76.15184857,9929493.46,371827.2907,,FALSE,FALSE,,,210.83,,,2025/06/22 16:27:19+00,garmin GPSMAP 65 Software Version 460,,6/22/2025 11:27,,
TRACK,6/22/2025 14:51,T1,-0.637775743,-76.15185552,9929492.246,371826.5167,,FALSE,FALSE,,,211.07,,,2025/06/22 16:27:39+00,garmin GPSMAP 65 Software Version 460,,6/22/2025 11:27,,
TRACK,6/22/2025 14:51,T1,-0.637755878,-76.15185636,9929494.442,371826.4229,,FALSE,FALSE,,,210.23,,,2025/06/22 16:27:59+00,garmin GPSMAP 65 Software Version 460,,6/22/2025 11:27,,
TRACK,6/22/2025 14:51,T1,-0.637765937,-76.1518567,9929493.33,371826.3859,,FALSE,FALSE,,,210.47,,,2025/06/22 16:28:19+00,garmin GPSMAP 65 Software Version 460,,6/22/2025 11:28,,
TRACK,6/22/2025 14:51,T1,-0.637762165,-76.15185795,9929493.747,371826.2458,,FALSE,FALSE,,,210.44,,,2025/06/22 16:28:39+00,garmin GPSMAP 65 Software Version 460,,6/22/2025 11:28,,
TRACK,6/22/2025 14:51,T1,-0.637747077,-76.15185485,9929495.415,371826.5906,,FALSE,FALSE,,,210.36,,,2025/06/22 16:28:59+00,garmin GPSMAP 65 Software Version 460,,6/22/2025 11:28,,
TRACK,6/22/2025 14:51,T1,-0.637737522,-76.15184085,9929496.472,371828.1482,,FALSE,FALSE,,,210.81,,,2025/06/22 16:29:19+00,garmin GPSMAP 65 Software Version 460,,6/22/2025 11:29,,
TRACK,6/22/2025 14:51,T1,-0.637747245,-76.1518681,9929495.396,371825.1168,,FALSE,FALSE,,,211.07,,,2025/06/22 16:29:39+00,garmin GPSMAP 65 Software Version 460,,6/22/2025 11:29,,
TRACK,6/22/2025 14:51,T1,-0.637754453,-76.15186349,9929494.599,371825.63,,FALSE,FALSE,,,211.12,,,2025/06/22 16:29:59+00,garmin GPSMAP 65 Software Version 460,,6/22/2025 11:29,,
TRACK,6/22/2025 14:51,T1,-0.6377107,-76.15186399,9929499.436,371825.5729,,FALSE,FALSE,,,212.23,,,2025/06/22 16:30:19+00,garmin GPSMAP 65 Software Version 460,,6/22/2025 11:30,,
TRACK,6/22/2025 14:51,T1,-0.637694188,-76.15185804,9929501.262,371826.2348,,FALSE,FALSE,,,213.29,,,2025/06/22 16:30:39+00,garmin GPSMAP 65 Software Version 460,,6/22/2025 11:30,,
TRACK,6/22/2025 14:51,T1,-0.637699133,-76.15184907,9929500.716,371827.2331,,FALSE,FALSE,,,214.27,,,2025/06/22 16:30:59+00,garmin GPSMAP 65 Software Version 460,,6/22/2025 11:30,,
TRACK,6/22/2025 14:51,T1,-0.637731571,-76.1518567,9929497.129,371826.385,,FALSE,FALSE,,,214,,,2025/06/22 16:31:19+00,garmin GPSMAP 65 Software Version 460,,6/22/2025 11:31,,
TRACK,6/22/2025 14:51,T1,-0.637725536,-76.15185242,9929497.797,371826.8606,,FALSE,FALSE,,,214.06,,,2025/06/22 16:31:39+00,garmin GPSMAP 65 Software Version 460,,6/22/2025 11:31,,
TRACK,6/22/2025 14:51,T1,-0.637749676,-76.15183733,9929495.128,371828.5403,,FALSE,FALSE,,,215.07,,,2025/06/22 16:31:59+00,garmin GPSMAP 65 Software Version 460,,6/22/2025 11:31,,
TRACK,6/22/2025 14:51,T1,-0.637763338,-76.15183172,9929493.618,371829.1656,,FALSE,FALSE,,,216.39,,,2025/06/22 16:32:19+00,garmin GPSMAP 65 Software Version 460,,6/22/2025 11:32,,
TRACK,6/22/2025 14:51,T1,-0.637771972,-76.15182317,9929492.664,371830.1173,,FALSE,FALSE,,,216.03,,,2025/06/22 16:32:39+00,garmin GPSMAP 65 Software Version 460,,6/22/2025 11:32,,
TRACK,6/22/2025 14:51,T1,-0.637772977,-76.1518199,9929492.553,371830.4811,,FALSE,FALSE,,,217.1,,,2025/06/22 16:32:59+00,garmin GPSMAP 65 Software Version 460,,6/22/2025 11:32,,
TRACK,6/22/2025 14:51,T1,-0.63775395,-76.15181076,9929494.656,371831.4975,,FALSE,FALSE,,,217.06,,,2025/06/22 16:33:19+00,garmin GPSMAP 65 Software Version 460,,6/22/2025 11:33,,
TRACK,6/22/2025 14:51,T1,-0.637755292,-76.15185963,9929494.507,371826.0591,,FALSE,FALSE,,,217.1,,,2025/06/22 16:33:39+00,garmin GPSMAP 65 Software Version 460,,6/22/2025 11:33,,
TRACK,6/22/2025 14:51,T1,-0.637778677,-76.15184697,9929491.922,371827.4683,,FALSE,FALSE,,,216.06,,,2025/06/22 16:33:59+00,garmin GPSMAP 65 Software Version 460,,6/22/2025 11:33,,
TRACK,6/22/2025 14:51,T1,-0.637761829,-76.15185586,9929493.784,371826.479,,FALSE,FALSE,,,216.78,,,2025/06/22 16:34:19+00,garmin GPSMAP 65 Software Version 460,,6/22/2025 11:34,,
TRACK,6/22/2025 14:51,T1,-0.637716483,-76.15185385,9929498.797,371826.7018,,FALSE,FALSE,,,221.39,,,2025/06/22 16:34:39+00,garmin GPSMAP 65 Software Version 460,,6/22/2025 11:34,,
TRACK,6/22/2025 14:51,T1,-0.637725117,-76.15184035,9929497.843,371828.2039,,FALSE,FALSE,,,224.05,,,2025/06/22 16:34:59+00,garmin GPSMAP 65 Software Version 460,,6/22/2025 11:34,,
TRACK,6/22/2025 14:51,T1,-0.637708856,-76.15184345,9929499.641,371827.8583,,FALSE,FALSE,,,223.94,,,2025/06/22 16:35:19+00,garmin GPSMAP 65 Software Version 460,,6/22/2025 11:35,,
TRACK,6/22/2025 14:51,T1,-0.637712544,-76.15185678,9929499.233,371826.3752,,FALSE,FALSE,,,221.97,,,2025/06/22 16:35:39+00,garmin GPSMAP 65 Software Version 460,,6/22/2025 11:35,,
TRACK,6/22/2025 14:51,T1,-0.637711622,-76.15184924,9929499.335,371827.2147,,FALSE,FALSE,,,220.81,,,2025/06/22 16:35:59+00,garmin GPSMAP 65 Software Version 460,,6/22/2025 11:35,,
TRACK,6/22/2025 14:51,T1,-0.637729559,-76.15184714,9929497.352,371827.4484,,FALSE,FALSE,,,220.37,,,2025/06/22 16:36:19+00,garmin GPSMAP 65 Software Version 460,,6/22/2025 11:36,,
TRACK,6/22/2025 14:51,T1,-0.637719668,-76.15183314,9929498.446,371829.006,,FALSE,FALSE,,,219.87,,,2025/06/22 16:36:39+00,garmin GPSMAP 65 Software Version 460,,6/22/2025 11:36,,
TRACK,6/22/2025 14:51,T1,-0.637715394,-76.15181596,9929498.919,371830.9182,,FALSE,FALSE,,,220.76,,,2025/06/22 16:36:59+00,garmin GPSMAP 65 Software Version 460,,6/22/2025 11:36,,
TRACK,6/22/2025 14:51,T1,-0.637725033,-76.15183155,9929497.853,371829.1833,,FALSE,FALSE,,,221.22,,,2025/06/22 16:37:19+00,garmin GPSMAP 65 Software Version 460,,6/22/2025 11:37,,
TRACK,6/22/2025 14:51,T1,-0.637724446,-76.15182904,9929497.918,371829.4632,,FALSE,FALSE,,,222.39,,,2025/06/22 16:37:39+00,garmin GPSMAP 65 Software Version 460,,6/22/2025 11:37,,
TRACK,6/22/2025 14:51,T1,-0.637740456,-76.15181856,9929496.148,371830.6296,,FALSE,FALSE,,,223.66,,,2025/06/22 16:37:59+00,garmin GPSMAP 65 Software Version 460,,6/22/2025 11:37,,
TRACK,6/22/2025 14:51,T1,-0.637751184,-76.15182602,9929494.962,371829.7996,,FALSE,FALSE,,,224.65,,,2025/06/22 16:38:19+00,garmin GPSMAP 65 Software Version 460,,6/22/2025 11:38,,
TRACK,6/22/2025 14:51,T1,-0.637742551,-76.15183105,9929495.916,371829.2397,,FALSE,FALSE,,,225.2,,,2025/06/22 16:38:39+00,garmin GPSMAP 65 Software Version 460,,6/22/2025 11:38,,
TRACK,6/22/2025 14:51,T1,-0.63771598,-76.15186525,9929498.853,371825.4331,,FALSE,FALSE,,,225.16,,,2025/06/22 16:38:59+00,garmin GPSMAP 65 Software Version 460,,6/22/2025 11:38,,
TRACK,6/22/2025 14:51,T1,-0.637717657,-76.15186013,9929498.667,371826.0022,,FALSE,FALSE,,,225.81,,,2025/06/22 16:39:19+00,garmin GPSMAP 65 Software Version 460,,6/22/2025 11:39,,
TRACK,6/22/2025 14:51,T1,-0.637744982,-76.15184932,9929495.647,371827.2062,,FALSE,FALSE,,,223.19,,,2025/06/22 16:39:39+00,garmin GPSMAP 65 Software Version 460,,6/22/2025 11:39,,
TRACK,6/22/2025 14:51,T1,-0.637736851,-76.15184454,9929496.546,371827.7377,,FALSE,FALSE,,,218.99,,,2025/06/22 16:39:59+00,garmin GPSMAP 65 Software Version 460,,6/22/2025 11:39,,
TRACK,6/22/2025 14:51,T1,-0.637778929,-76.15191369,9929491.892,371820.0429,,FALSE,FALSE,,,217.73,,,2025/06/22 16:40:19+00,garmin GPSMAP 65 Software Version 460,,6/22/2025 11:40,,
TRACK,6/22/2025 14:51,T1,-0.637757722,-76.15196273,9929494.236,371814.5854,,FALSE,FALSE,,,216.14,,,2025/06/22 16:40:39+00,garmin GPSMAP 65 Software Version 460,,6/22/2025 11:40,,
TRACK,6/22/2025 14:51,T1,-0.637727967,-76.15203523,9929497.523,371806.5157,,FALSE,FALSE,,,215.06,,,2025/06/22 16:40:58+00,garmin GPSMAP 65 Software Version 460,,6/22/2025 11:40,,
TRACK,6/22/2025 14:51,T1,-0.637727883,-76.15203925,9929497.533,371806.0679,,FALSE,FALSE,,,215,,,2025/06/22 16:41:19+00,garmin GPSMAP 65 Software Version 460,,6/22/2025 11:41,,
TRACK,6/22/2025 14:51,T1,-0.637651775,-76.15209667,9929505.945,371799.6762,,FALSE,FALSE,,,215.09,,,2025/06/22 16:41:39+00,garmin GPSMAP 65 Software Version 460,,6/22/2025 11:41,,
TRACK,6/22/2025 14:51,T1,-0.637634425,-76.15211603,9929507.863,371797.5209,,FALSE,FALSE,,,215.28,,,2025/06/22 16:41:59+00,garmin GPSMAP 65 Software Version 460,,6/22/2025 11:41,,
TRACK,6/22/2025 14:51,T1,-0.637574745,-76.15213573,9929514.46,371795.3273,,FALSE,FALSE,,,212.63,,,2025/06/22 16:42:19+00,garmin GPSMAP 65 Software Version 460,,6/22/2025 11:42,,
TRACK,6/22/2025 14:51,T1,-0.637530824,-76.15212693,9929519.316,371796.3057,,FALSE,FALSE,,,213.4,,,2025/06/22 16:42:39+00,garmin GPSMAP 65 Software Version 460,,6/22/2025 11:42,,
TRACK,6/22/2025 14:51,T1,-0.63752546,-76.15211226,9929519.909,371797.938,,FALSE,FALSE,,,214.4,,,2025/06/22 16:42:59+00,garmin GPSMAP 65 Software Version 460,,6/22/2025 11:42,,
TRACK,6/22/2025 14:51,T1,-0.637482377,-76.15209323,9929524.672,371800.0544,,FALSE,FALSE,,,217,,,2025/06/22 16:43:18+00,garmin GPSMAP 65 Software Version 460,,6/22/2025 11:43,,
TRACK,6/22/2025 14:51,T1,-0.637384979,-76.15214746,9929535.439,371794.0166,,FALSE,FALSE,,,217.77,,,2025/06/22 16:43:39+00,garmin GPSMAP 65 Software Version 460,,6/22/2025 11:43,,
TRACK,6/22/2025 14:51,T1,-0.637366455,-76.15216414,9929537.486,371792.1598,,FALSE,FALSE,,,218.55,,,2025/06/22 16:43:59+00,garmin GPSMAP 65 Software Version 460,,6/22/2025 11:43,,
TRACK,6/22/2025 14:51,T1,-0.63730686,-76.15219507,9929544.074,371788.7162,,FALSE,FALSE,,,218.81,,,2025/06/22 16:44:19+00,garmin GPSMAP 65 Software Version 460,,6/22/2025 11:44,,
TRACK,6/22/2025 14:51,T1,-0.63729303,-76.15217906,9929545.603,371790.4976,,FALSE,FALSE,,,219.53,,,2025/06/22 16:44:39+00,garmin GPSMAP 65 Software Version 460,,6/22/2025 11:44,,
TRACK,6/22/2025 14:51,T1,-0.637278864,-76.15211863,9929547.171,371797.2229,,FALSE,FALSE,,,221.79,,,2025/06/22 16:44:59+00,garmin GPSMAP 65 Software Version 460,,6/22/2025 11:44,,
TRACK,6/22/2025 14:51,T1,-0.637248438,-76.1520903,9929550.535,371800.3751,,FALSE,FALSE,,,223.86,,,2025/06/22 16:45:19+00,garmin GPSMAP 65 Software Version 460,,6/22/2025 11:45,,
TRACK,6/22/2025 14:51,T1,-0.637129163,-76.15210346,9929563.721,371798.9076,,FALSE,FALSE,,,226.72,,,2025/06/22 16:45:39+00,garmin GPSMAP 65 Software Version 460,,6/22/2025 11:45,,
TRACK,6/22/2025 14:51,T1,-0.637053642,-76.15212307,9929572.069,371796.723,,FALSE,FALSE,,,230.25,,,2025/06/22 16:45:59+00,garmin GPSMAP 65 Software Version 460,,6/22/2025 11:45,,
TRACK,6/22/2025 14:51,T1,-0.637011565,-76.15213196,9929576.721,371795.7331,,FALSE,FALSE,,,231.91,,,2025/06/22 16:46:19+00,garmin GPSMAP 65 Software Version 460,,6/22/2025 11:46,,
TRACK,6/22/2025 14:51,T1,-0.637013326,-76.15216683,9929576.526,371791.8526,,FALSE,FALSE,,,231.29,,,2025/06/22 16:46:39+00,garmin GPSMAP 65 Software Version 460,,6/22/2025 11:46,,
TRACK,6/22/2025 14:51,T1,-0.637009721,-76.15219197,9929576.923,371789.054,,FALSE,FALSE,,,232.14,,,2025/06/22 16:46:59+00,garmin GPSMAP 65 Software Version 460,,6/22/2025 11:46,,
TRACK,6/22/2025 14:51,T1,-0.637011146,-76.15219499,9929576.766,371788.7182,,FALSE,FALSE,,,234.49,,,2025/06/22 16:47:19+00,garmin GPSMAP 65 Software Version 460,,6/22/2025 11:47,,
TRACK,6/22/2025 14:51,T1,-0.637015421,-76.15218686,9929576.293,371789.6232,,FALSE,FALSE,,,233.44,,,2025/06/22 16:47:39+00,garmin GPSMAP 65 Software Version 460,,6/22/2025 11:47,,
TRACK,6/22/2025 14:51,T1,-0.637010057,-76.15219155,9929576.886,371789.1007,,FALSE,FALSE,,,234.28,,,2025/06/22 16:47:59+00,garmin GPSMAP 65 Software Version 460,,6/22/2025 11:47,,
TRACK,6/22/2025 14:51,T1,-0.636988683,-76.15221133,9929579.249,371786.8987,,FALSE,FALSE,,,237.58,,,2025/06/22 16:48:19+00,garmin GPSMAP 65 Software Version 460,,6/22/2025 11:48,,
TRACK,6/22/2025 14:51,T1,-0.636991281,-76.15222282,9929578.961,371785.6208,,FALSE,FALSE,,,238.11,,,2025/06/22 16:48:39+00,garmin GPSMAP 65 Software Version 460,,6/22/2025 11:48,,
TRACK,6/22/2025 14:51,T1,-0.636974517,-76.15224687,9929580.814,371782.9431,,FALSE,FALSE,,,239.85,,,2025/06/22 16:48:59+00,garmin GPSMAP 65 Software Version 460,,6/22/2025 11:48,,
TRACK,6/22/2025 14:51,T1,-0.636966638,-76.15227093,9929581.684,371780.2657,,FALSE,FALSE,,,244.76,,,2025/06/22 16:49:19+00,garmin GPSMAP 65 Software Version 460,,6/22/2025 11:49,,
TRACK,6/22/2025 14:51,T1,-0.636991449,-76.15228644,9929578.941,371778.5406,,FALSE,FALSE,,,244.77,,,2025/06/22 16:49:39+00,garmin GPSMAP 65 Software Version 460,,6/22/2025 11:49,,
TRACK,6/22/2025 14:51,T1,-0.636978624,-76.15228225,9929580.359,371779.0067,,FALSE,FALSE,,,243.18,,,2025/06/22 16:49:59+00,garmin GPSMAP 65 Software Version 460,,6/22/2025 11:49,,
TRACK,6/22/2025 14:51,T1,-0.636974433,-76.15227638,9929580.822,371779.6596,,FALSE,FALSE,,,244.37,,,2025/06/22 16:50:19+00,garmin GPSMAP 65 Software Version 460,,6/22/2025 11:50,,
TRACK,6/22/2025 14:51,T1,-0.636958256,-76.15227914,9929582.611,371779.3513,,FALSE,FALSE,,,246.68,,,2025/06/22 16:50:39+00,garmin GPSMAP 65 Software Version 460,,6/22/2025 11:50,,
TRACK,6/22/2025 14:51,T1,-0.636961693,-76.15228359,9929582.231,371778.857,,FALSE,FALSE,,,245.34,,,2025/06/22 16:50:59+00,garmin GPSMAP 65 Software Version 460,,6/22/2025 11:50,,
TRACK,6/22/2025 14:51,T1,-0.636953982,-76.15227898,9929583.083,371779.3699,,FALSE,FALSE,,,245.04,,,2025/06/22 16:51:19+00,garmin GPSMAP 65 Software Version 460,,6/22/2025 11:51,,
TRACK,6/22/2025 14:51,T1,-0.636969153,-76.15229314,9929581.406,371777.7938,,FALSE,FALSE,,,244.74,,,2025/06/22 16:51:39+00,garmin GPSMAP 65 Software Version 460,,6/22/2025 11:51,,
TRACK,6/22/2025 14:51,T1,-0.636975942,-76.15227403,9929580.656,371779.9208,,FALSE,FALSE,,,244.4,,,2025/06/22 16:51:59+00,garmin GPSMAP 65 Software Version 460,,6/22/2025 11:51,,
TRACK,6/22/2025 14:51,T1,-0.636974685,-76.15228434,9929580.794,371778.7734,,FALSE,FALSE,,,244.61,,,2025/06/22 16:52:19+00,garmin GPSMAP 65 Software Version 460,,6/22/2025 11:52,,
TRACK,6/22/2025 14:51,T1,-0.636975691,-76.15225978,9929580.684,371781.5066,,FALSE,FALSE,,,242.93,,,2025/06/22 16:52:39+00,garmin GPSMAP 65 Software Version 460,,6/22/2025 11:52,,
TRACK,6/22/2025 14:51,T1,-0.636976697,-76.1522478,9929580.573,371782.8406,,FALSE,FALSE,,,242.91,,,2025/06/22 16:52:59+00,garmin GPSMAP 65 Software Version 460,,6/22/2025 11:52,,
TRACK,6/22/2025 14:51,T1,-0.636985833,-76.15224989,9929579.563,371782.6076,,FALSE,FALSE,,,242.85,,,2025/06/22 16:53:19+00,garmin GPSMAP 65 Software Version 460,,6/22/2025 11:53,,
TRACK,6/22/2025 14:51,T1,-0.636973344,-76.15225869,9929580.943,371781.6278,,FALSE,FALSE,,,243.18,,,2025/06/22 16:53:39+00,garmin GPSMAP 65 Software Version 460,,6/22/2025 11:53,,
TRACK,6/22/2025 14:51,T1,-0.636963034,-76.15226439,9929582.083,371780.9932,,FALSE,FALSE,,,243.73,,,2025/06/22 16:53:59+00,garmin GPSMAP 65 Software Version 460,,6/22/2025 11:53,,
TRACK,6/22/2025 14:51,T1,-0.636965884,-76.15227428,9929581.768,371779.8926,,FALSE,FALSE,,,244.02,,,2025/06/22 16:54:19+00,garmin GPSMAP 65 Software Version 460,,6/22/2025 11:54,,
TRACK,6/22/2025 14:51,T1,-0.636975272,-76.15227738,9929580.73,371779.5476,,FALSE,FALSE,,,244.84,,,2025/06/22 16:54:39+00,garmin GPSMAP 65 Software Version 460,,6/22/2025 11:54,,
TRACK,6/22/2025 14:51,T1,-0.636982648,-76.15226062,9929579.915,371781.4135,,FALSE,FALSE,,,244.43,,,2025/06/22 16:54:59+00,garmin GPSMAP 65 Software Version 460,,6/22/2025 11:54,,
TRACK,6/22/2025 14:51,T1,-0.636977954,-76.15226774,9929580.433,371780.6205,,FALSE,FALSE,,,241.34,,,2025/06/22 16:55:19+00,garmin GPSMAP 65 Software Version 460,,6/22/2025 11:55,,
TRACK,6/22/2025 14:51,T1,-0.636959178,-76.15228954,9929582.509,371778.1946,,FALSE,FALSE,,,239.59,,,2025/06/22 16:55:39+00,garmin GPSMAP 65 Software Version 460,,6/22/2025 11:55,,
TRACK,6/22/2025 14:51,T1,-0.636968147,-76.15226674,9929581.518,371780.7322,,FALSE,FALSE,,,239.54,,,2025/06/22 16:55:59+00,garmin GPSMAP 65 Software Version 460,,6/22/2025 11:55,,
TRACK,6/22/2025 14:51,T1,-0.636983318,-76.15225484,9929579.841,371782.0572,,FALSE,FALSE,,,238.43,,,2025/06/22 16:56:19+00,garmin GPSMAP 65 Software Version 460,,6/22/2025 11:56,,
TRACK,6/22/2025 14:51,T1,-0.637021959,-76.15223908,9929575.569,371783.8118,,FALSE,FALSE,,,239.81,,,2025/06/22 16:56:39+00,garmin GPSMAP 65 Software Version 460,,6/22/2025 11:56,,
TRACK,6/22/2025 14:51,T1,-0.637001675,-76.15223648,9929577.812,371784.1005,,FALSE,FALSE,,,238.77,,,2025/06/22 16:56:59+00,garmin GPSMAP 65 Software Version 460,,6/22/2025 11:56,,
TRACK,6/22/2025 14:51,T1,-0.636995472,-76.15223723,9929578.498,371784.0164,,FALSE,FALSE,,,238.55,,,2025/06/22 16:57:19+00,garmin GPSMAP 65 Software Version 460,,6/22/2025 11:57,,
TRACK,6/22/2025 14:51,T1,-0.636993041,-76.1522395,9929578.766,371783.7645,,FALSE,FALSE,,,239.63,,,2025/06/22 16:57:39+00,garmin GPSMAP 65 Software Version 460,,6/22/2025 11:57,,
TRACK,6/22/2025 14:51,T1,-0.636987174,-76.15224042,9929579.415,371783.6617,,FALSE,FALSE,,,239.71,,,2025/06/22 16:57:59+00,garmin GPSMAP 65 Software Version 460,,6/22/2025 11:57,,
TRACK,6/22/2025 14:51,T1,-0.636981558,-76.15224017,9929580.036,371783.6896,,FALSE,FALSE,,,239.99,,,2025/06/22 16:58:19+00,garmin GPSMAP 65 Software Version 460,,6/22/2025 11:58,,
TRACK,6/22/2025 14:51,T1,-0.636984073,-76.15224302,9929579.758,371783.3725,,FALSE,FALSE,,,240.81,,,2025/06/22 16:58:39+00,garmin GPSMAP 65 Software Version 460,,6/22/2025 11:58,,
TRACK,6/22/2025 14:51,T1,-0.636981474,-76.15224168,9929580.045,371783.5217,,FALSE,FALSE,,,239.73,,,2025/06/22 16:58:59+00,garmin GPSMAP 65 Software Version 460,,6/22/2025 11:58,,
TRACK,6/22/2025 14:51,T1,-0.637002429,-76.15222718,9929577.729,371785.136,,FALSE,FALSE,,,238.6,,,2025/06/22 16:59:19+00,garmin GPSMAP 65 Software Version 460,,6/22/2025 11:59,,
TRACK,6/22/2025 14:51,T1,-0.636994718,-76.15223849,9929578.581,371783.8765,,FALSE,FALSE,,,239.42,,,2025/06/22 16:59:39+00,garmin GPSMAP 65 Software Version 460,,6/22/2025 11:59,,
TRACK,6/22/2025 14:51,T1,-0.636980971,-76.15223732,9929580.101,371784.0067,,FALSE,FALSE,,,241.14,,,2025/06/22 16:59:59+00,garmin GPSMAP 65 Software Version 460,,6/22/2025 11:59,,
TRACK,6/22/2025 14:51,T1,-0.636980636,-76.15223573,9929580.138,371784.1839,,FALSE,FALSE,,,241.29,,,2025/06/22 17:00:19+00,garmin GPSMAP 65 Software Version 460,,6/22/2025 12:00,,
TRACK,6/22/2025 14:51,T1,-0.636987761,-76.15223564,9929579.35,371784.1934,,FALSE,FALSE,,,241.34,,,2025/06/22 17:00:39+00,garmin GPSMAP 65 Software Version 460,,6/22/2025 12:00,,
TRACK,6/22/2025 14:51,T1,-0.636998992,-76.15221628,9929578.109,371786.3486,,FALSE,FALSE,,,242.57,,,2025/06/22 17:00:59+00,garmin GPSMAP 65 Software Version 460,,6/22/2025 12:00,,
TRACK,6/22/2025 14:51,T1,-0.636971667,-76.15222039,9929581.13,371785.8908,,FALSE,FALSE,,,243.74,,,2025/06/22 17:01:19+00,garmin GPSMAP 65 Software Version 460,,6/22/2025 12:01,,
TRACK,6/22/2025 14:51,T1,-0.636981139,-76.15221712,9929580.083,371786.2548,,FALSE,FALSE,,,242.83,,,2025/06/22 17:01:39+00,garmin GPSMAP 65 Software Version 460,,6/22/2025 12:01,,
TRACK,6/22/2025 14:51,T1,-0.636983989,-76.15221452,9929579.768,371786.5441,,FALSE,FALSE,,,242.07,,,2025/06/22 17:01:59+00,garmin GPSMAP 65 Software Version 460,,6/22/2025 12:01,,
TRACK,6/22/2025 14:51,T1,-0.636972589,-76.15222793,9929581.028,371785.0513,,FALSE,FALSE,,,244.03,,,2025/06/22 17:02:19+00,garmin GPSMAP 65 Software Version 460,,6/22/2025 12:02,,
TRACK,6/22/2025 14:51,T1,-0.63692607,-76.15226716,9929586.169,371780.6845,,FALSE,FALSE,,,244.4,,,2025/06/22 17:02:39+00,garmin GPSMAP 65 Software Version 460,,6/22/2025 12:02,,
TRACK,6/22/2025 14:51,T1,-0.636900673,-76.15228409,9929588.977,371778.7995,,FALSE,FALSE,,,242.13,,,2025/06/22 17:02:59+00,garmin GPSMAP 65 Software Version 460,,6/22/2025 12:02,,
TRACK,6/22/2025 14:51,T1,-0.636891453,-76.1523115,9929589.995,371775.749,,FALSE,FALSE,,,240.96,,,2025/06/22 17:03:19+00,garmin GPSMAP 65 Software Version 460,,6/22/2025 12:03,,
TRACK,6/22/2025 14:51,T1,-0.636891285,-76.15231192,9929590.014,371775.7023,,FALSE,FALSE,,,242.31,,,2025/06/22 17:03:39+00,garmin GPSMAP 65 Software Version 460,,6/22/2025 12:03,,
TRACK,6/22/2025 14:51,T1,-0.636896566,-76.15232105,9929589.43,371774.6857,,FALSE,FALSE,,,241.74,,,2025/06/22 17:03:59+00,garmin GPSMAP 65 Software Version 460,,6/22/2025 12:03,,
TRACK,6/22/2025 14:51,T1,-0.63690939,-76.15232893,9929588.012,371773.8091,,FALSE,FALSE,,,237.92,,,2025/06/22 17:04:19+00,garmin GPSMAP 65 Software Version 460,,6/22/2025 12:04,,
TRACK,6/22/2025 14:51,T1,-0.636911485,-76.15232524,9929587.78,371774.2196,,FALSE,FALSE,,,238.07,,,2025/06/22 17:04:39+00,garmin GPSMAP 65 Software Version 460,,6/22/2025 12:04,,
TRACK,6/22/2025 14:51,T1,-0.63690084,-76.15232726,9929588.957,371773.9955,,FALSE,FALSE,,,237.76,,,2025/06/22 17:04:59+00,garmin GPSMAP 65 Software Version 460,,6/22/2025 12:04,,
TRACK,6/22/2025 14:51,T1,-0.636904864,-76.15232466,9929588.512,371774.2848,,FALSE,FALSE,,,238.03,,,2025/06/22 17:05:19+00,garmin GPSMAP 65 Software Version 460,,6/22/2025 12:05,,
TRACK,6/22/2025 14:51,T1,-0.636902852,-76.15233203,9929588.735,371773.4638,,FALSE,FALSE,,,237.29,,,2025/06/22 17:05:39+00,garmin GPSMAP 65 Software Version 460,,6/22/2025 12:05,,
TRACK,6/22/2025 14:51,T1,-0.636907965,-76.1523343,9929588.169,371773.2121,,FALSE,FALSE,,,237.97,,,2025/06/22 17:05:59+00,garmin GPSMAP 65 Software Version 460,,6/22/2025 12:05,,
TRACK,6/22/2025 14:51,T1,-0.636916682,-76.1523312,9929587.206,371773.5574,,FALSE,FALSE,,,238.3,,,2025/06/22 17:06:19+00,garmin GPSMAP 65 Software Version 460,,6/22/2025 12:06,,
TRACK,6/22/2025 14:51,T1,-0.636882065,-76.15228426,9929591.034,371778.7804,,FALSE,FALSE,,,238.79,,,2025/06/22 17:06:39+00,garmin GPSMAP 65 Software Version 460,,6/22/2025 12:06,,
TRACK,6/22/2025 14:51,T1,-0.636868235,-76.15228015,9929592.563,371779.2372,,FALSE,FALSE,,,238.55,,,2025/06/22 17:06:59+00,garmin GPSMAP 65 Software Version 460,,6/22/2025 12:06,,
TRACK,6/22/2025 14:51,T1,-0.636860943,-76.1522711,9929593.369,371780.2444,,FALSE,FALSE,,,238.58,,,2025/06/22 17:07:19+00,garmin GPSMAP 65 Software Version 460,,6/22/2025 12:07,,
TRACK,6/22/2025 14:51,T1,-0.636849795,-76.15226607,9929594.602,371780.8039,,FALSE,FALSE,,,238.57,,,2025/06/22 17:07:39+00,garmin GPSMAP 65 Software Version 460,,6/22/2025 12:07,,
TRACK,6/22/2025 14:51,T1,-0.636855075,-76.15223564,9929594.019,371784.1902,,FALSE,FALSE,,,239.24,,,2025/06/22 17:07:59+00,garmin GPSMAP 65 Software Version 460,,6/22/2025 12:07,,
TRACK,6/22/2025 14:51,T1,-0.636849124,-76.15224637,9929594.676,371782.996,,FALSE,FALSE,,,238.39,,,2025/06/22 17:08:19+00,garmin GPSMAP 65 Software Version 460,,6/22/2025 12:08,,
TRACK,6/22/2025 14:51,T1,-0.636854572,-76.1522535,9929594.074,371782.2032,,FALSE,FALSE,,,238.55,,,2025/06/22 17:08:39+00,garmin GPSMAP 65 Software Version 460,,6/22/2025 12:08,,
TRACK,6/22/2025 14:51,T1,-0.636865469,-76.15224578,9929592.87,371783.0617,,FALSE,FALSE,,,239.46,,,2025/06/22 17:08:59+00,garmin GPSMAP 65 Software Version 460,,6/22/2025 12:08,,
TRACK,6/22/2025 14:51,T1,-0.636868319,-76.15223254,9929592.555,371784.5356,,FALSE,FALSE,,,241.01,,,2025/06/22 17:09:19+00,garmin GPSMAP 65 Software Version 460,,6/22/2025 12:09,,
TRACK,6/22/2025 14:51,T1,-0.636889692,-76.15222969,9929590.192,371784.8533,,FALSE,FALSE,,,240.54,,,2025/06/22 17:09:39+00,garmin GPSMAP 65 Software Version 460,,6/22/2025 12:09,,
TRACK,6/22/2025 14:51,T1,-0.636882652,-76.15224428,9929590.97,371783.23,,FALSE,FALSE,,,240.39,,,2025/06/22 17:09:59+00,garmin GPSMAP 65 Software Version 460,,6/22/2025 12:09,,
TRACK,6/22/2025 14:51,T1,-0.6368881,-76.15225148,9929590.367,371782.4279,,FALSE,FALSE,,,240.82,,,2025/06/22 17:10:19+00,garmin GPSMAP 65 Software Version 460,,6/22/2025 12:10,,
TRACK,6/22/2025 14:51,T1,-0.636885082,-76.15224218,9929590.701,371783.4633,,FALSE,FALSE,,,241.72,,,2025/06/22 17:10:39+00,garmin GPSMAP 65 Software Version 460,,6/22/2025 12:10,,
TRACK,6/22/2025 14:51,T1,-0.636881394,-76.15224453,9929591.109,371783.202,,FALSE,FALSE,,,241.63,,,2025/06/22 17:10:59+00,garmin GPSMAP 65 Software Version 460,,6/22/2025 12:10,,
TRACK,6/22/2025 14:51,T1,-0.636866055,-76.15223824,9929592.805,371783.9013,,FALSE,FALSE,,,242.36,,,2025/06/22 17:11:19+00,garmin GPSMAP 65 Software Version 460,,6/22/2025 12:11,,
TRACK,6/22/2025 14:51,T1,-0.636857087,-76.15224067,9929593.796,371783.6305,,FALSE,FALSE,,,242.44,,,2025/06/22 17:11:39+00,garmin GPSMAP 65 Software Version 460,,6/22/2025 12:11,,
TRACK,6/22/2025 14:51,T1,-0.636858847,-76.1522478,9929593.602,371782.8377,,FALSE,FALSE,,,241.99,,,2025/06/22 17:11:59+00,garmin GPSMAP 65 Software Version 460,,6/22/2025 12:11,,
TRACK,6/22/2025 14:51,T1,-0.63685365,-76.15225576,9929594.176,371781.9513,,FALSE,FALSE,,,242.11,,,2025/06/22 17:12:19+00,garmin GPSMAP 65 Software Version 460,,6/22/2025 12:12,,
TRACK,6/22/2025 14:51,T1,-0.636848118,-76.15226389,9929594.787,371781.0464,,FALSE,FALSE,,,242.21,,,2025/06/22 17:12:39+00,garmin GPSMAP 65 Software Version 460,,6/22/2025 12:12,,
TRACK,6/22/2025 14:51,T1,-0.636846693,-76.15227026,9929594.945,371780.3374,,FALSE,FALSE,,,242.09,,,2025/06/22 17:12:59+00,garmin GPSMAP 65 Software Version 460,,6/22/2025 12:12,,
TRACK,6/22/2025 14:51,T1,-0.636850968,-76.15226422,9929594.472,371781.0091,,FALSE,FALSE,,,241.75,,,2025/06/22 17:13:19+00,garmin GPSMAP 65 Software Version 460,,6/22/2025 12:13,,
TRACK,6/22/2025 14:51,T1,-0.636841077,-76.15226548,9929595.566,371780.8689,,FALSE,FALSE,,,240.93,,,2025/06/22 17:13:39+00,garmin GPSMAP 65 Software Version 460,,6/22/2025 12:13,,
TRACK,6/22/2025 14:51,T1,-0.636783829,-76.15227118,9929601.894,371780.2332,,FALSE,FALSE,,,239.8,,,2025/06/22 17:13:58+00,garmin GPSMAP 65 Software Version 460,,6/22/2025 12:13,,
TRACK,6/22/2025 14:51,T1,-0.636749044,-76.15223824,9929605.741,371783.8984,,FALSE,FALSE,,,236.08,,,2025/06/22 17:14:18+00,garmin GPSMAP 65 Software Version 460,,6/22/2025 12:14,,
TRACK,6/22/2025 14:51,T1,-0.636698669,-76.15223992,9929611.31,371783.7106,,FALSE,FALSE,,,238.42,,,2025/06/22 17:14:39+00,garmin GPSMAP 65 Software Version 460,,6/22/2025 12:14,,
TRACK,6/22/2025 14:51,T1,-0.636664219,-76.15225635,9929615.118,371781.8814,,FALSE,FALSE,,,237.29,,,2025/06/22 17:14:59+00,garmin GPSMAP 65 Software Version 460,,6/22/2025 12:14,,
TRACK,6/22/2025 14:51,T1,-0.636644019,-76.15218963,9929617.353,371789.3062,,FALSE,FALSE,,,233.91,,,2025/06/22 17:15:19+00,garmin GPSMAP 65 Software Version 460,,6/22/2025 12:15,,
TRACK,6/22/2025 14:51,T1,-0.636642091,-76.15218585,9929617.566,371789.7259,,FALSE,FALSE,,,234.04,,,2025/06/22 17:15:39+00,garmin GPSMAP 65 Software Version 460,,6/22/2025 12:15,,
TRACK,6/22/2025 14:51,T1,-0.636631865,-76.15218795,9929618.696,371789.4924,,FALSE,FALSE,,,234.36,,,2025/06/22 17:15:59+00,garmin GPSMAP 65 Software Version 460,,6/22/2025 12:15,,
TRACK,6/22/2025 14:51,T1,-0.636630775,-76.15219155,9929618.817,371789.0913,,FALSE,FALSE,,,232.65,,,2025/06/22 17:16:19+00,garmin GPSMAP 65 Software Version 460,,6/22/2025 12:16,,
TRACK,6/22/2025 14:51,T1,-0.636623148,-76.15218736,9929619.66,371789.5575,,FALSE,FALSE,,,232.62,,,2025/06/22 17:16:39+00,garmin GPSMAP 65 Software Version 460,,6/22/2025 12:16,,
TRACK,6/22/2025 14:51,T1,-0.636606384,-76.15217638,9929621.514,371790.7791,,FALSE,FALSE,,,233.04,,,2025/06/22 17:16:59+00,garmin GPSMAP 65 Software Version 460,,6/22/2025 12:16,,
TRACK,6/22/2025 14:51,T1,-0.63662516,-76.15219289,9929619.438,371788.9419,,FALSE,FALSE,,,232.72,,,2025/06/22 17:17:19+00,garmin GPSMAP 65 Software Version 460,,6/22/2025 12:17,,
TRACK,6/22/2025 14:51,T1,-0.636647372,-76.15218778,9929616.982,371789.5115,,FALSE,FALSE,,,231.52,,,2025/06/22 17:17:39+00,garmin GPSMAP 65 Software Version 460,,6/22/2025 12:17,,
TRACK,6/22/2025 14:51,T1,-0.636628177,-76.15217688,9929619.104,371790.7237,,FALSE,FALSE,,,231.75,,,2025/06/22 17:17:59+00,garmin GPSMAP 65 Software Version 460,,6/22/2025 12:17,,
TRACK,6/22/2025 14:51,T1,-0.636589369,-76.15217512,9929623.395,371790.9186,,FALSE,FALSE,,,232.16,,,2025/06/22 17:18:19+00,garmin GPSMAP 65 Software Version 460,,6/22/2025 12:18,,
TRACK,6/22/2025 14:51,T1,-0.636590375,-76.15215945,9929623.284,371792.663,,FALSE,FALSE,,,230.88,,,2025/06/22 17:18:39+00,garmin GPSMAP 65 Software Version 460,,6/22/2025 12:18,,
TRACK,6/22/2025 14:51,T1,-0.636595571,-76.15214302,9929622.71,371794.4915,,FALSE,FALSE,,,230.75,,,2025/06/22 17:18:59+00,garmin GPSMAP 65 Software Version 460,,6/22/2025 12:18,,
TRACK,6/22/2025 14:51,T1,-0.636590039,-76.15216146,9929623.321,371792.4391,,FALSE,FALSE,,,229.96,,,2025/06/22 17:19:19+00,garmin GPSMAP 65 Software Version 460,,6/22/2025 12:19,,
TRACK,6/22/2025 14:51,T1,-0.636562882,-76.15213833,9929626.324,371795.0131,,FALSE,FALSE,,,229.54,,,2025/06/22 17:19:39+00,garmin GPSMAP 65 Software Version 460,,6/22/2025 12:19,,
TRACK,6/22/2025 14:51,T1,-0.636556428,-76.15213464,9929627.038,371795.4234,,FALSE,FALSE,,,230.78,,,2025/06/22 17:19:59+00,garmin GPSMAP 65 Software Version 460,,6/22/2025 12:19,,
TRACK,6/22/2025 14:51,T1,-0.636554584,-76.15210815,9929627.242,371798.3711,,FALSE,FALSE,,,231.15,,,2025/06/22 17:20:19+00,garmin GPSMAP 65 Software Version 460,,6/22/2025 12:20,,
TRACK,6/22/2025 14:51,T1,-0.636561122,-76.15207848,9929626.52,371801.6734,,FALSE,FALSE,,,230.61,,,2025/06/22 17:20:39+00,garmin GPSMAP 65 Software Version 460,,6/22/2025 12:20,,
TRACK,6/22/2025 14:51,T1,-0.636565061,-76.15207094,9929626.085,371802.5131,,FALSE,FALSE,,,230.63,,,2025/06/22 17:20:59+00,garmin GPSMAP 65 Software Version 460,,6/22/2025 12:20,,
TRACK,6/22/2025 14:51,T1,-0.63656196,-76.15207169,9929626.428,371802.4291,,FALSE,FALSE,,,230.65,,,2025/06/22 17:21:19+00,garmin GPSMAP 65 Software Version 460,,6/22/2025 12:21,,
TRACK,6/22/2025 14:51,T1,-0.636559865,-76.15207949,9929626.659,371801.5615,,FALSE,FALSE,,,229.66,,,2025/06/22 17:21:39+00,garmin GPSMAP 65 Software Version 460,,6/22/2025 12:21,,
TRACK,6/22/2025 14:51,T1,-0.63656087,-76.15208066,9929626.548,371801.4309,,FALSE,FALSE,,,229.79,,,2025/06/22 17:21:59+00,garmin GPSMAP 65 Software Version 460,,6/22/2025 12:21,,
TRACK,6/22/2025 14:51,T1,-0.636552824,-76.15208619,9929627.437,371800.815,,FALSE,FALSE,,,229.72,,,2025/06/22 17:22:19+00,garmin GPSMAP 65 Software Version 460,,6/22/2025 12:22,,
TRACK,6/22/2025 14:51,T1,-0.636524074,-76.15209164,9929630.615,371800.208,,FALSE,FALSE,,,229.78,,,2025/06/22 17:22:39+00,garmin GPSMAP 65 Software Version 460,,6/22/2025 12:22,,
TRACK,6/22/2025 14:51,T1,-0.636506891,-76.15204914,9929632.516,371804.937,,FALSE,FALSE,,,229.72,,,2025/06/22 17:22:59+00,garmin GPSMAP 65 Software Version 460,,6/22/2025 12:22,,
TRACK,6/22/2025 14:51,T1,-0.636514854,-76.15201084,9929631.637,371809.2002,,FALSE,FALSE,,,229.96,,,2025/06/22 17:23:19+00,garmin GPSMAP 65 Software Version 460,,6/22/2025 12:23,,
TRACK,6/22/2025 14:51,T1,-0.636489037,-76.15200179,9929634.491,371810.207,,FALSE,FALSE,,,230.94,,,2025/06/22 17:23:39+00,garmin GPSMAP 65 Software Version 460,,6/22/2025 12:23,,
TRACK,6/22/2025 14:51,T1,-0.636484595,-76.15200539,9929634.982,371809.8058,,FALSE,FALSE,,,230.4,,,2025/06/22 17:23:59+00,garmin GPSMAP 65 Software Version 460,,6/22/2025 12:23,,
TRACK,6/22/2025 14:51,T1,-0.63646364,-76.15200556,9929637.299,371809.7866,,FALSE,FALSE,,,231.77,,,2025/06/22 17:24:19+00,garmin GPSMAP 65 Software Version 460,,6/22/2025 12:24,,
TRACK,6/22/2025 14:51,T1,-0.636434471,-76.15197136,9929640.524,371813.5919,,FALSE,FALSE,,,229.94,,,2025/06/22 17:24:39+00,garmin GPSMAP 65 Software Version 460,,6/22/2025 12:24,,
TRACK,6/22/2025 14:51,T1,-0.636391472,-76.15196516,9929645.278,371814.2811,,FALSE,FALSE,,,229.5,,,2025/06/22 17:24:59+00,garmin GPSMAP 65 Software Version 460,,6/22/2025 12:24,,
TRACK,6/22/2025 14:51,T1,-0.63637387,-76.15199315,9929647.223,371811.165,,FALSE,FALSE,,,229.63,,,2025/06/22 17:25:19+00,garmin GPSMAP 65 Software Version 460,,6/22/2025 12:25,,
TRACK,6/22/2025 14:51,T1,-0.636344953,-76.15198025,9929650.421,371812.6008,,FALSE,FALSE,,,227.61,,,2025/06/22 17:25:39+00,garmin GPSMAP 65 Software Version 460,,6/22/2025 12:25,,
TRACK,6/22/2025 14:51,T1,-0.636354676,-76.1519691,9929649.346,371813.8417,,FALSE,FALSE,,,227.16,,,2025/06/22 17:25:59+00,garmin GPSMAP 65 Software Version 460,,6/22/2025 12:25,,
TRACK,6/22/2025 14:51,T1,-0.636379067,-76.15194202,9929646.65,371816.8554,,FALSE,FALSE,,,226.2,,,2025/06/22 17:26:19+00,garmin GPSMAP 65 Software Version 460,,6/22/2025 12:26,,
TRACK,6/22/2025 14:51,T1,-0.636354759,-76.15194789,9929649.337,371816.2018,,FALSE,FALSE,,,225.26,,,2025/06/22 17:26:39+00,garmin GPSMAP 65 Software Version 460,,6/22/2025 12:26,,
TRACK,6/22/2025 14:51,T1,-0.636362219,-76.15191403,9929648.513,371819.9706,,FALSE,FALSE,,,224.75,,,2025/06/22 17:26:59+00,garmin GPSMAP 65 Software Version 460,,6/22/2025 12:26,,
TRACK,6/22/2025 14:51,T1,-0.636366578,-76.15194722,9929648.031,371816.2767,,FALSE,FALSE,,,223.42,,,2025/06/22 17:27:19+00,garmin GPSMAP 65 Software Version 460,,6/22/2025 12:27,,
TRACK,6/22/2025 14:51,T1,-0.636364399,-76.15186038,9929648.274,371825.9408,,FALSE,FALSE,,,222.88,,,2025/06/22 17:27:39+00,garmin GPSMAP 65 Software Version 460,,6/22/2025 12:27,,
TRACK,6/22/2025 14:51,T1,-0.63629793,-76.15182526,9929655.623,371829.8477,,FALSE,FALSE,,,222.99,,,2025/06/22 17:27:58+00,garmin GPSMAP 65 Software Version 460,,6/22/2025 12:27,,
TRACK,6/22/2025 14:51,T1,-0.63620179,-76.15188075,9929666.25,371823.67,,FALSE,FALSE,,,222.96,,,2025/06/22 17:28:19+00,garmin GPSMAP 65 Software Version 460,,6/22/2025 12:28,,
TRACK,6/22/2025 14:51,T1,-0.636134148,-76.15184999,9929673.729,371827.0918,,FALSE,FALSE,,,226.23,,,2025/06/22 17:28:39+00,garmin GPSMAP 65 Software Version 460,,6/22/2025 12:28,,
TRACK,6/22/2025 14:51,T1,-0.636104643,-76.15183339,9929676.991,371828.9381,,FALSE,FALSE,,,226.78,,,2025/06/22 17:28:59+00,garmin GPSMAP 65 Software Version 460,,6/22/2025 12:28,,
TRACK,6/22/2025 14:51,T1,-0.636057789,-76.1518251,9929682.171,371829.8604,,FALSE,FALSE,,,228.77,,,2025/06/22 17:29:19+00,garmin GPSMAP 65 Software Version 460,,6/22/2025 12:29,,
TRACK,6/22/2025 14:51,T1,-0.636010263,-76.15182845,9929687.425,371829.4861,,FALSE,FALSE,,,229.24,,,2025/06/22 17:29:39+00,garmin GPSMAP 65 Software Version 460,,6/22/2025 12:29,,
TRACK,6/22/2025 14:51,T1,-0.635966342,-76.15181537,9929692.281,371830.9402,,FALSE,FALSE,,,229.96,,,2025/06/22 17:29:58+00,garmin GPSMAP 65 Software Version 460,,6/22/2025 12:29,,
TRACK,6/22/2025 14:51,T1,-0.635942621,-76.15180557,9929694.904,371832.0311,,FALSE,FALSE,,,230.21,,,2025/06/22 17:30:18+00,garmin GPSMAP 65 Software Version 460,,6/22/2025 12:30,,
TRACK,6/22/2025 14:51,T1,-0.635874141,-76.15179325,9929702.475,371833.4006,,FALSE,FALSE,,,231.91,,,2025/06/22 17:30:39+00,garmin GPSMAP 65 Software Version 460,,6/22/2025 12:30,,
TRACK,6/22/2025 14:51,T1,-0.635802392,-76.15178889,9929710.407,371833.8839,,FALSE,FALSE,,,232.28,,,2025/06/22 17:30:59+00,garmin GPSMAP 65 Software Version 460,,6/22/2025 12:30,,
TRACK,6/22/2025 14:51,T1,-0.635754783,-76.15178403,9929715.67,371834.4238,,FALSE,FALSE,,,232.16,,,2025/06/22 17:31:19+00,garmin GPSMAP 65 Software Version 460,,6/22/2025 12:31,,
TRACK,6/22/2025 14:51,T1,-0.635648668,-76.15175444,9929727.402,371837.7141,,FALSE,FALSE,,,233.76,,,2025/06/22 17:31:39+00,garmin GPSMAP 65 Software Version 460,,6/22/2025 12:31,,
TRACK,6/22/2025 14:51,T1,-0.635658642,-76.15174538,9929726.3,371838.7218,,FALSE,FALSE,,,232.96,,,2025/06/22 17:31:59+00,garmin GPSMAP 65 Software Version 460,,6/22/2025 12:31,,
TRACK,6/22/2025 14:51,T1,-0.635642298,-76.15175368,9929728.107,371837.7979,,FALSE,FALSE,,,231.4,,,2025/06/22 17:32:19+00,garmin GPSMAP 65 Software Version 460,,6/22/2025 12:32,,
TRACK,6/22/2025 14:51,T1,-0.635588151,-76.15173826,9929734.093,371839.5129,,FALSE,FALSE,,,232.98,,,2025/06/22 17:32:39+00,garmin GPSMAP 65 Software Version 460,,6/22/2025 12:32,,
TRACK,6/22/2025 14:51,T1,-0.635558479,-76.15172787,9929737.374,371840.6689,,FALSE,FALSE,,,234.11,,,2025/06/22 17:32:59+00,garmin GPSMAP 65 Software Version 460,,6/22/2025 12:32,,
TRACK,6/22/2025 14:51,T1,-0.635532327,-76.15175016,9929740.264,371838.1869,,FALSE,FALSE,,,232.08,,,2025/06/22 17:33:19+00,garmin GPSMAP 65 Software Version 460,,6/22/2025 12:33,,
TRACK,6/22/2025 14:51,T1,-0.635511875,-76.15174295,9929742.525,371838.9887,,FALSE,FALSE,,,233.4,,,2025/06/22 17:33:39+00,garmin GPSMAP 65 Software Version 460,,6/22/2025 12:33,,
TRACK,6/22/2025 14:51,T1,-0.635491842,-76.15174807,9929744.74,371838.4192,,FALSE,FALSE,,,233.94,,,2025/06/22 17:33:59+00,garmin GPSMAP 65 Software Version 460,,6/22/2025 12:33,,
TRACK,6/22/2025 14:51,T1,-0.635513971,-76.15173256,9929742.294,371840.1454,,FALSE,FALSE,,,234.19,,,2025/06/22 17:34:19+00,garmin GPSMAP 65 Software Version 460,,6/22/2025 12:34,,
TRACK,6/22/2025 14:51,T1,-0.635519335,-76.1517277,9929741.701,371840.6866,,FALSE,FALSE,,,235.13,,,2025/06/22 17:34:39+00,garmin GPSMAP 65 Software Version 460,,6/22/2025 12:34,,
TRACK,6/22/2025 14:51,T1,-0.635510366,-76.15174119,9929742.692,371839.1845,,FALSE,FALSE,,,235.41,,,2025/06/22 17:34:59+00,garmin GPSMAP 65 Software Version 460,,6/22/2025 12:34,,
TRACK,6/22/2025 14:51,T1,-0.63549947,-76.15172728,9929743.897,371840.7328,,FALSE,FALSE,,,235.45,,,2025/06/22 17:35:19+00,garmin GPSMAP 65 Software Version 460,,6/22/2025 12:35,,
TRACK,6/22/2025 14:51,T1,-0.635493938,-76.1517329,9929744.509,371840.1076,,FALSE,FALSE,,,235.61,,,2025/06/22 17:35:39+00,garmin GPSMAP 65 Software Version 460,,6/22/2025 12:35,,
TRACK,6/22/2025 14:51,T1,-0.635504834,-76.1517246,9929743.304,371841.0314,,FALSE,FALSE,,,235.94,,,2025/06/22 17:35:59+00,garmin GPSMAP 65 Software Version 460,,6/22/2025 12:35,,
TRACK,6/22/2025 14:51,T1,-0.635504751,-76.15172024,9929743.314,371841.5165,,FALSE,FALSE,,,235.84,,,2025/06/22 17:36:19+00,garmin GPSMAP 65 Software Version 460,,6/22/2025 12:36,,
TRACK,6/22/2025 14:51,T1,-0.635499554,-76.15171756,9929743.888,371841.8148,,FALSE,FALSE,,,236.6,,,2025/06/22 17:36:38+00,garmin GPSMAP 65 Software Version 460,,6/22/2025 12:36,,
TRACK,6/22/2025 14:51,T1,-0.635521347,-76.15172409,9929741.479,371841.0878,,FALSE,FALSE,,,236.32,,,2025/06/22 17:36:59+00,garmin GPSMAP 65 Software Version 460,,6/22/2025 12:36,,
TRACK,6/22/2025 14:51,T1,-0.635534925,-76.15173474,9929739.977,371839.9034,,FALSE,FALSE,,,236.07,,,2025/06/22 17:37:19+00,garmin GPSMAP 65 Software Version 460,,6/22/2025 12:37,,
TRACK,6/22/2025 14:51,T1,-0.635521933,-76.15170213,9929741.414,371843.5318,,FALSE,FALSE,,,235.5,,,2025/06/22 17:37:39+00,garmin GPSMAP 65 Software Version 460,,6/22/2025 12:37,,
TRACK,6/22/2025 14:51,T1,-0.635550851,-76.15169887,9929738.218,371843.8963,,FALSE,FALSE,,,234.46,,,2025/06/22 17:37:59+00,garmin GPSMAP 65 Software Version 460,,6/22/2025 12:37,,
TRACK,6/22/2025 14:51,T1,-0.635554539,-76.15166869,9929737.811,371847.2546,,FALSE,FALSE,,,234.39,,,2025/06/22 17:38:19+00,garmin GPSMAP 65 Software Version 460,,6/22/2025 12:38,,
TRACK,6/22/2025 14:51,T1,-0.635550097,-76.15165235,9929738.302,371849.0735,,FALSE,FALSE,,,234.93,,,2025/06/22 17:38:39+00,garmin GPSMAP 65 Software Version 460,,6/22/2025 12:38,,
TRACK,6/22/2025 14:51,T1,-0.635538781,-76.15165352,9929739.553,371848.9426,,FALSE,FALSE,,,234.92,,,2025/06/22 17:38:59+00,garmin GPSMAP 65 Software Version 460,,6/22/2025 12:38,,
TRACK,6/22/2025 14:51,T1,-0.63553635,-76.15164287,9929739.822,371850.1272,,FALSE,FALSE,,,232.63,,,2025/06/22 17:39:19+00,garmin GPSMAP 65 Software Version 460,,6/22/2025 12:39,,
TRACK,6/22/2025 14:51,T1,-0.635541882,-76.15162787,9929739.211,371851.7971,,FALSE,FALSE,,,232.82,,,2025/06/22 17:39:39+00,garmin GPSMAP 65 Software Version 460,,6/22/2025 12:39,,
TRACK,6/22/2025 14:51,T1,-0.635570381,-76.15164438,9929736.06,371849.9602,,FALSE,FALSE,,,231.68,,,2025/06/22 17:39:59+00,garmin GPSMAP 65 Software Version 460,,6/22/2025 12:39,,
TRACK,6/22/2025 14:51,T1,-0.635564262,-76.15165469,9929736.736,371848.8126,,FALSE,FALSE,,,231.69,,,2025/06/22 17:40:19+00,garmin GPSMAP 65 Software Version 460,,6/22/2025 12:40,,
TRACK,6/22/2025 14:51,T1,-0.635573566,-76.15164866,9929735.708,371849.4845,,FALSE,FALSE,,,230.35,,,2025/06/22 17:40:39+00,garmin GPSMAP 65 Software Version 460,,6/22/2025 12:40,,
TRACK,6/22/2025 14:51,T1,-0.635594856,-76.15163323,9929733.354,371851.2014,,FALSE,FALSE,,,229.37,,,2025/06/22 17:40:59+00,garmin GPSMAP 65 Software Version 460,,6/22/2025 12:40,,
TRACK,6/22/2025 14:51,T1,-0.635612458,-76.15162628,9929731.409,371851.9761,,FALSE,FALSE,,,229.52,,,2025/06/22 17:41:19+00,garmin GPSMAP 65 Software Version 460,,6/22/2025 12:41,,
TRACK,6/22/2025 14:51,T1,-0.635625366,-76.1516008,9929729.982,371854.8122,,FALSE,FALSE,,,231.36,,,2025/06/22 17:41:39+00,garmin GPSMAP 65 Software Version 460,,6/22/2025 12:41,,
TRACK,6/22/2025 14:51,T1,-0.635641962,-76.15158445,9929728.148,371856.6317,,FALSE,FALSE,,,230.96,,,2025/06/22 17:41:59+00,garmin GPSMAP 65 Software Version 460,,6/22/2025 12:41,,
TRACK,6/22/2025 14:51,T1,-0.635645567,-76.15157263,9929727.75,371857.9471,,FALSE,FALSE,,,230.08,,,2025/06/22 17:42:19+00,garmin GPSMAP 65 Software Version 460,,6/22/2025 12:42,,
TRACK,6/22/2025 14:51,T1,-0.635623774,-76.15156543,9929730.159,371858.7487,,FALSE,FALSE,,,231.29,,,2025/06/22 17:42:39+00,garmin GPSMAP 65 Software Version 460,,6/22/2025 12:42,,
TRACK,6/22/2025 14:51,T1,-0.635605333,-76.15155998,9929732.198,371859.3546,,FALSE,FALSE,,,232.19,,,2025/06/22 17:42:59+00,garmin GPSMAP 65 Software Version 460,,6/22/2025 12:42,,
TRACK,6/22/2025 14:51,T1,-0.635594521,-76.15149627,9929733.395,371866.4439,,FALSE,FALSE,,,232.73,,,2025/06/22 17:43:19+00,garmin GPSMAP 65 Software Version 460,,6/22/2025 12:43,,
TRACK,6/22/2025 14:51,T1,-0.635588821,-76.15148513,9929734.025,371867.6844,,FALSE,FALSE,,,232.88,,,2025/06/22 17:43:39+00,garmin GPSMAP 65 Software Version 460,,6/22/2025 12:43,,
TRACK,6/22/2025 14:51,T1,-0.635543726,-76.15147046,9929739.011,371869.3157,,FALSE,FALSE,,,232.34,,,2025/06/22 17:43:59+00,garmin GPSMAP 65 Software Version 460,,6/22/2025 12:43,,
TRACK,6/22/2025 14:51,T1,-0.635534171,-76.15146166,9929740.068,371870.295,,FALSE,FALSE,,,232.85,,,2025/06/22 17:44:19+00,garmin GPSMAP 65 Software Version 460,,6/22/2025 12:44,,
TRACK,6/22/2025 14:51,T1,-0.635553869,-76.15144649,9929737.89,371871.9839,,FALSE,FALSE,,,233.37,,,2025/06/22 17:44:39+00,garmin GPSMAP 65 Software Version 460,,6/22/2025 12:44,,
TRACK,6/22/2025 14:51,T1,-0.635564849,-76.15142754,9929736.677,371874.0923,,FALSE,FALSE,,,235.06,,,2025/06/22 17:44:59+00,garmin GPSMAP 65 Software Version 460,,6/22/2025 12:44,,
TRACK,6/22/2025 14:51,T1,-0.635605166,-76.15138974,9929732.221,371878.3004,,FALSE,FALSE,,,234.88,,,2025/06/22 17:45:19+00,garmin GPSMAP 65 Software Version 460,,6/22/2025 12:45,,
TRACK,6/22/2025 14:51,T1,-0.635613045,-76.15137842,9929731.35,371879.5599,,FALSE,FALSE,,,233.74,,,2025/06/22 17:45:39+00,garmin GPSMAP 65 Software Version 460,,6/22/2025 12:45,,
TRACK,6/22/2025 14:51,T1,-0.635621427,-76.15132352,9929730.425,371885.6701,,FALSE,FALSE,,,235.55,,,2025/06/22 17:45:59+00,garmin GPSMAP 65 Software Version 460,,6/22/2025 12:45,,
TRACK,6/22/2025 14:51,T1,-0.635537943,-76.15130676,9929739.654,371887.5337,,FALSE,FALSE,,,235.32,,,2025/06/22 17:46:19+00,garmin GPSMAP 65 Software Version 460,,6/22/2025 12:46,,
TRACK,6/22/2025 14:51,T1,-0.635540625,-76.15132562,9929739.357,371885.4349,,FALSE,FALSE,,,235.12,,,2025/06/22 17:46:39+00,garmin GPSMAP 65 Software Version 460,,6/22/2025 12:46,,
TRACK,6/22/2025 14:51,T1,-0.635531992,-76.15128296,9929740.313,371890.1828,,FALSE,FALSE,,,235.13,,,2025/06/22 17:46:58+00,garmin GPSMAP 65 Software Version 460,,6/22/2025 12:46,,
TRACK,6/22/2025 14:51,T1,-0.63553283,-76.15123576,9929740.221,371895.4347,,FALSE,FALSE,,,234.47,,,2025/06/22 17:47:19+00,garmin GPSMAP 65 Software Version 460,,6/22/2025 12:47,,
TRACK,6/22/2025 14:51,T1,-0.635549678,-76.15123576,9929738.359,371895.4351,,FALSE,FALSE,,,234.35,,,2025/06/22 17:47:39+00,garmin GPSMAP 65 Software Version 460,,6/22/2025 12:47,,
TRACK,6/22/2025 14:51,T1,-0.635548839,-76.15123694,9929738.451,371895.3044,,FALSE,FALSE,,,235.41,,,2025/06/22 17:47:59+00,garmin GPSMAP 65 Software Version 460,,6/22/2025 12:47,,
TRACK,6/22/2025 14:51,T1,-0.635550348,-76.15118908,9929738.286,371900.6309,,FALSE,FALSE,,,235.02,,,2025/06/22 17:48:19+00,garmin GPSMAP 65 Software Version 460,,6/22/2025 12:48,,
TRACK,6/22/2025 14:51,T1,-0.635538781,-76.1511092,9929739.567,371909.5205,,FALSE,FALSE,,,235.53,,,2025/06/22 17:48:39+00,garmin GPSMAP 65 Software Version 460,,6/22/2025 12:48,,
TRACK,6/22/2025 14:51,T1,-0.635516569,-76.15108238,9929742.023,371912.505,,FALSE,FALSE,,,234.96,,,2025/06/22 17:48:59+00,garmin GPSMAP 65 Software Version 460,,6/22/2025 12:48,,
TRACK,6/22/2025 14:51,T1,-0.635514222,-76.15108992,9929742.282,371911.6654,,FALSE,FALSE,,,234.44,,,2025/06/22 17:49:19+00,garmin GPSMAP 65 Software Version 460,,6/22/2025 12:49,,
TRACK,6/22/2025 14:51,T1,-0.635520425,-76.15109763,9929741.596,371910.8074,,FALSE,FALSE,,,234.7,,,2025/06/22 17:49:39+00,garmin GPSMAP 65 Software Version 460,,6/22/2025 12:49,,
TRACK,6/22/2025 14:51,T1,-0.635557724,-76.15110635,9929737.472,371909.8381,,FALSE,FALSE,,,235.65,,,2025/06/22 17:49:59+00,garmin GPSMAP 65 Software Version 460,,6/22/2025 12:49,,
TRACK,6/22/2025 14:51,T1,-0.635579098,-76.15111917,9929735.109,371908.4114,,FALSE,FALSE,,,236.22,,,2025/06/22 17:50:19+00,garmin GPSMAP 65 Software Version 460,,6/22/2025 12:50,,
TRACK,6/22/2025 14:51,T1,-0.635577086,-76.15112077,9929735.332,371908.2341,,FALSE,FALSE,,,236.91,,,2025/06/22 17:50:39+00,garmin GPSMAP 65 Software Version 460,,6/22/2025 12:50,,
TRACK,6/22/2025 14:51,T1,-0.635606842,-76.15113568,9929732.042,371906.5744,,FALSE,FALSE,,,236.59,,,2025/06/22 17:50:59+00,garmin GPSMAP 65 Software Version 460,,6/22/2025 12:50,,
TRACK,6/22/2025 14:51,T1,-0.635655457,-76.15107324,9929726.669,371913.5252,,FALSE,FALSE,,,236.68,,,2025/06/22 17:51:19+00,garmin GPSMAP 65 Software Version 460,,6/22/2025 12:51,,
TRACK,6/22/2025 14:51,T1,-0.635672053,-76.15107617,9929724.834,371913.1991,,FALSE,FALSE,,,234.23,,,2025/06/22 17:51:39+00,garmin GPSMAP 65 Software Version 460,,6/22/2025 12:51,,
TRACK,6/22/2025 14:51,T1,-0.635699546,-76.15105974,9929721.795,371915.0282,,FALSE,FALSE,,,233.35,,,2025/06/22 17:51:59+00,garmin GPSMAP 65 Software Version 460,,6/22/2025 12:51,,
TRACK,6/22/2025 14:51,T1,-0.635739528,-76.1509999,9929717.376,371921.6895,,FALSE,FALSE,,,232.8,,,2025/06/22 17:52:19+00,garmin GPSMAP 65 Software Version 460,,6/22/2025 12:52,,
TRACK,6/22/2025 14:51,T1,-0.635757968,-76.15096034,9929715.339,371926.0929,,FALSE,FALSE,,,235.24,,,2025/06/22 17:52:39+00,garmin GPSMAP 65 Software Version 460,,6/22/2025 12:52,,
TRACK,6/22/2025 14:51,T1,-0.635829717,-76.15091298,9929707.408,371931.3652,,FALSE,FALSE,,,236.14,,,2025/06/22 17:52:59+00,garmin GPSMAP 65 Software Version 460,,6/22/2025 12:52,,
TRACK,6/22/2025 14:51,T1,-0.635811947,-76.15088884,9929709.373,371934.0513,,FALSE,FALSE,,,234.49,,,2025/06/22 17:53:19+00,garmin GPSMAP 65 Software Version 460,,6/22/2025 12:53,,
TRACK,6/22/2025 14:51,T1,-0.63582167,-76.15087786,9929708.298,371935.2735,,FALSE,FALSE,,,235.27,,,2025/06/22 17:53:39+00,garmin GPSMAP 65 Software Version 460,,6/22/2025 12:53,,
TRACK,6/22/2025 14:51,T1,-0.635838267,-76.15087274,9929706.464,371935.843,,FALSE,FALSE,,,235.87,,,2025/06/22 17:53:59+00,garmin GPSMAP 65 Software Version 460,,6/22/2025 12:53,,
TRACK,6/22/2025 14:51,T1,-0.635861317,-76.15084467,9929703.916,371938.9685,,FALSE,FALSE,,,237.68,,,2025/06/22 17:54:19+00,garmin GPSMAP 65 Software Version 460,,6/22/2025 12:54,,
TRACK,6/22/2025 14:51,T1,-0.635855198,-76.15082229,9929704.593,371941.459,,FALSE,FALSE,,,237.09,,,2025/06/22 17:54:39+00,garmin GPSMAP 65 Software Version 460,,6/22/2025 12:54,,
TRACK,6/22/2025 14:51,T1,-0.635835584,-76.15078239,9929706.762,371945.8988,,FALSE,FALSE,,,236.89,,,2025/06/22 17:54:59+00,garmin GPSMAP 65 Software Version 460,,6/22/2025 12:54,,
TRACK,6/22/2025 14:51,T1,-0.635823347,-76.15075967,9929708.116,371948.4265,,FALSE,FALSE,,,234.14,,,2025/06/22 17:55:19+00,garmin GPSMAP 65 Software Version 460,,6/22/2025 12:55,,
TRACK,6/22/2025 14:51,T1,-0.635821,-76.15075934,9929708.375,371948.4637,,FALSE,FALSE,,,234.42,,,2025/06/22 17:55:39+00,garmin GPSMAP 65 Software Version 460,,6/22/2025 12:55,,
TRACK,6/22/2025 14:51,T1,-0.635841452,-76.15078708,9929706.114,371945.3766,,FALSE,FALSE,,,234.34,,,2025/06/22 17:55:59+00,garmin GPSMAP 65 Software Version 460,,6/22/2025 12:55,,
TRACK,6/22/2025 14:51,T1,-0.635855952,-76.15078499,9929704.511,371945.6101,,FALSE,FALSE,,,234.8,,,2025/06/22 17:56:19+00,garmin GPSMAP 65 Software Version 460,,6/22/2025 12:56,,
TRACK,6/22/2025 14:51,T1,-0.635868022,-76.15076319,9929703.177,371948.0358,,FALSE,FALSE,,,235.83,,,2025/06/22 17:56:39+00,garmin GPSMAP 65 Software Version 460,,6/22/2025 12:56,,
TRACK,6/22/2025 14:51,T1,-0.635840446,-76.15072237,9929706.226,371952.578,,FALSE,FALSE,,,234.39,,,2025/06/22 17:56:59+00,garmin GPSMAP 65 Software Version 460,,6/22/2025 12:56,,
TRACK,6/22/2025 14:51,T1,-0.635841787,-76.15071123,9929706.078,371953.8187,,FALSE,FALSE,,,233.05,,,2025/06/22 17:57:19+00,garmin GPSMAP 65 Software Version 460,,6/22/2025 12:57,,
TRACK,6/22/2025 14:51,T1,-0.635832818,-76.15068432,9929707.071,371956.8128,,FALSE,FALSE,,,233.06,,,2025/06/22 17:57:39+00,garmin GPSMAP 65 Software Version 460,,6/22/2025 12:57,,
TRACK,6/22/2025 14:51,T1,-0.635773391,-76.1506689,9929713.641,371958.5278,,FALSE,FALSE,,,234.51,,,2025/06/22 17:57:59+00,garmin GPSMAP 65 Software Version 460,,6/22/2025 12:57,,
TRACK,6/22/2025 14:51,T1,-0.635737097,-76.15067527,9929717.653,371957.8179,,FALSE,FALSE,,,233.91,,,2025/06/22 17:58:19+00,garmin GPSMAP 65 Software Version 460,,6/22/2025 12:58,,
TRACK,6/22/2025 14:51,T1,-0.635692924,-76.15060964,9929722.538,371965.1209,,FALSE,FALSE,,,233.71,,,2025/06/22 17:58:39+00,garmin GPSMAP 65 Software Version 460,,6/22/2025 12:58,,
TRACK,6/22/2025 14:51,T1,-0.63568865,-76.15057209,9929723.012,371969.2998,,FALSE,FALSE,,,233.65,,,2025/06/22 17:58:59+00,garmin GPSMAP 65 Software Version 460,,6/22/2025 12:58,,
TRACK,6/22/2025 14:51,T1,-0.635709856,-76.15054845,9929720.668,371971.9309,,FALSE,FALSE,,,232.62,,,2025/06/22 17:59:19+00,garmin GPSMAP 65 Software Version 460,,6/22/2025 12:59,,
TRACK,6/22/2025 14:51,T1,-0.635703066,-76.15052867,9929721.419,371974.1322,,FALSE,FALSE,,,233.25,,,2025/06/22 17:59:39+00,garmin GPSMAP 65 Software Version 460,,6/22/2025 12:59,,
TRACK,6/22/2025 14:51,T1,-0.63570139,-76.15052699,9929721.604,371974.3188,,FALSE,FALSE,,,232.56,,,2025/06/22 17:59:59+00,garmin GPSMAP 65 Software Version 460,,6/22/2025 12:59,,
TRACK,6/22/2025 14:51,T1,-0.635709185,-76.15053705,9929720.742,371973.1996,,FALSE,FALSE,,,232.95,,,2025/06/22 18:00:19+00,garmin GPSMAP 65 Software Version 460,,6/22/2025 13:00,,
TRACK,6/22/2025 14:51,T1,-0.635701641,-76.15054887,9929721.576,371971.8841,,FALSE,FALSE,,,232.33,,,2025/06/22 18:00:39+00,garmin GPSMAP 65 Software Version 460,,6/22/2025 13:00,,
TRACK,6/22/2025 14:51,T1,-0.635727625,-76.15056966,9929718.703,371969.5713,,FALSE,FALSE,,,231.52,,,2025/06/22 18:00:59+00,garmin GPSMAP 65 Software Version 460,,6/22/2025 13:00,,
TRACK,6/22/2025 14:51,T1,-0.635738019,-76.15056798,9929717.554,371969.7581,,FALSE,FALSE,,,231.55,,,2025/06/22 18:01:19+00,garmin GPSMAP 65 Software Version 460,,6/22/2025 13:01,,
TRACK,6/22/2025 14:51,T1,-0.635739444,-76.15056873,9929717.396,371969.6742,,FALSE,FALSE,,,231.62,,,2025/06/22 18:01:39+00,garmin GPSMAP 65 Software Version 460,,6/22/2025 13:01,,
TRACK,6/22/2025 14:51,T1,-0.635733744,-76.15056756,9929718.026,371969.8047,,FALSE,FALSE,,,231.62,,,2025/06/22 18:01:59+00,garmin GPSMAP 65 Software Version 460,,6/22/2025 13:01,,
TRACK,6/22/2025 14:51,T1,-0.635732822,-76.15056756,9929718.128,371969.8047,,FALSE,FALSE,,,231.86,,,2025/06/22 18:02:19+00,garmin GPSMAP 65 Software Version 460,,6/22/2025 13:02,,
TRACK,6/22/2025 14:51,T1,-0.635737348,-76.15056479,9929717.628,371970.1126,,FALSE,FALSE,,,231.3,,,2025/06/22 18:02:39+00,garmin GPSMAP 65 Software Version 460,,6/22/2025 13:02,,
TRACK,6/22/2025 14:51,T1,-0.635734666,-76.15055306,9929717.925,371971.4185,,FALSE,FALSE,,,231.18,,,2025/06/22 18:02:59+00,garmin GPSMAP 65 Software Version 460,,6/22/2025 13:02,,
TRACK,6/22/2025 14:51,T1,-0.635704491,-76.15050444,9929721.262,371976.8281,,FALSE,FALSE,,,232.8,,,2025/06/22 18:03:18+00,garmin GPSMAP 65 Software Version 460,,6/22/2025 13:03,,
TRACK,6/22/2025 14:51,T1,-0.635621091,-76.15043772,9929730.484,371984.2514,,FALSE,FALSE,,,230.27,,,2025/06/22 18:03:39+00,garmin GPSMAP 65 Software Version 460,,6/22/2025 13:03,,
TRACK,6/22/2025 14:51,T1,-0.63563643,-76.15044083,9929728.788,371983.9066,,FALSE,FALSE,,,228.47,,,2025/06/22 18:03:58+00,garmin GPSMAP 65 Software Version 460,,6/22/2025 13:03,,
TRACK,6/22/2025 14:51,T1,-0.635628887,-76.150442,9929729.622,371983.7759,,FALSE,FALSE,,,227.05,,,2025/06/22 18:04:19+00,garmin GPSMAP 65 Software Version 460,,6/22/2025 13:04,,
TRACK,6/22/2025 14:51,T1,-0.635635424,-76.15045055,9929728.899,371982.8245,,FALSE,FALSE,,,226.44,,,2025/06/22 18:04:39+00,garmin GPSMAP 65 Software Version 460,,6/22/2025 13:04,,
TRACK,6/22/2025 14:51,T1,-0.635652859,-76.15046815,9929726.971,371980.866,,FALSE,FALSE,,,226.28,,,2025/06/22 18:04:59+00,garmin GPSMAP 65 Software Version 460,,6/22/2025 13:04,,
TRACK,6/22/2025 14:51,T1,-0.635648584,-76.15047142,9929727.443,371980.5021,,FALSE,FALSE,,,227.61,,,2025/06/22 18:05:19+00,garmin GPSMAP 65 Software Version 460,,6/22/2025 13:05,,
TRACK,6/22/2025 14:51,T1,-0.635653026,-76.15046203,9929726.953,371981.547,,FALSE,FALSE,,,226.93,,,2025/06/22 18:05:39+00,garmin GPSMAP 65 Software Version 460,,6/22/2025 13:05,,
TRACK,6/22/2025 14:51,T1,-0.635656547,-76.15044887,9929726.564,371983.0116,,FALSE,FALSE,,,226.94,,,2025/06/22 18:05:59+00,garmin GPSMAP 65 Software Version 460,,6/22/2025 13:05,,
TRACK,6/22/2025 14:51,T1,-0.635643052,-76.15045792,9929728.055,371982.0038,,FALSE,FALSE,,,226.82,,,2025/06/22 18:06:19+00,garmin GPSMAP 65 Software Version 460,,6/22/2025 13:06,,
TRACK,6/22/2025 14:51,T1,-0.635635424,-76.15042398,9929728.899,371985.7816,,FALSE,FALSE,,,226.62,,,2025/06/22 18:06:39+00,garmin GPSMAP 65 Software Version 460,,6/22/2025 13:06,,
TRACK,6/22/2025 14:51,T1,-0.635634335,-76.15040177,9929729.02,371988.2536,,FALSE,FALSE,,,223.57,,,2025/06/22 18:06:59+00,garmin GPSMAP 65 Software Version 460,,6/22/2025 13:06,,
TRACK,6/22/2025 14:51,T1,-0.635638526,-76.1503902,9929728.557,371989.541,,FALSE,FALSE,,,223.52,,,2025/06/22 18:07:19+00,garmin GPSMAP 65 Software Version 460,,6/22/2025 13:07,,
TRACK,6/22/2025 14:51,T1,-0.635611368,-76.15039917,9929731.56,371988.5422,,FALSE,FALSE,,,225.07,,,2025/06/22 18:07:39+00,garmin GPSMAP 65 Software Version 460,,6/22/2025 13:07,,
TRACK,6/22/2025 14:51,T1,-0.635610865,-76.15039615,9929731.615,371988.878,,FALSE,FALSE,,,225.28,,,2025/06/22 18:07:59+00,garmin GPSMAP 65 Software Version 460,,6/22/2025 13:07,,
TRACK,6/22/2025 14:51,T1,-0.635615978,-76.15034913,9929731.051,371994.1113,,FALSE,FALSE,,,225.85,,,2025/06/22 18:08:19+00,garmin GPSMAP 65 Software Version 460,,6/22/2025 13:08,,
TRACK,6/22/2025 14:51,T1,-0.635597622,-76.15029884,9929733.082,371999.7078,,FALSE,FALSE,,,226.33,,,2025/06/22 18:08:39+00,garmin GPSMAP 65 Software Version 460,,6/22/2025 13:08,,
TRACK,6/22/2025 14:51,T1,-0.635596616,-76.15028643,9929733.193,372001.0884,,FALSE,FALSE,,,227,,,2025/06/22 18:08:59+00,garmin GPSMAP 65 Software Version 460,,6/22/2025 13:08,,
TRACK,6/22/2025 14:51,T1,-0.635679262,-76.15027864,9929724.057,372001.9579,,FALSE,FALSE,,,227.46,,,2025/06/22 18:09:19+00,garmin GPSMAP 65 Software Version 460,,6/22/2025 13:09,,
TRACK,6/22/2025 14:51,T1,-0.635696864,-76.15024804,9929722.112,372005.3632,,FALSE,FALSE,,,225.95,,,2025/06/22 18:09:39+00,garmin GPSMAP 65 Software Version 460,,6/22/2025 13:09,,
TRACK,6/22/2025 14:51,T1,-0.635708263,-76.15023513,9929720.852,372006.8,,FALSE,FALSE,,,226.19,,,2025/06/22 18:09:59+00,garmin GPSMAP 65 Software Version 460,,6/22/2025 13:09,,
TRACK,6/22/2025 14:51,T1,-0.63566912,-76.15014612,9929725.181,372016.7057,,FALSE,FALSE,,,227.3,,,2025/06/22 18:10:19+00,garmin GPSMAP 65 Software Version 460,,6/22/2025 13:10,,
TRACK,6/22/2025 14:51,T1,-0.635669958,-76.15013774,9929725.089,372017.6385,,FALSE,FALSE,,,226.81,,,2025/06/22 18:10:39+00,garmin GPSMAP 65 Software Version 460,,6/22/2025 13:10,,
TRACK,6/22/2025 14:51,T1,-0.635645064,-76.15010479,9929727.842,372021.3039,,FALSE,FALSE,,,224.55,,,2025/06/22 18:10:59+00,garmin GPSMAP 65 Software Version 460,,6/22/2025 13:10,,
TRACK,6/22/2025 14:51,T1,-0.635610865,-76.15006129,9929731.623,372026.1445,,FALSE,FALSE,,,224.95,,,2025/06/22 18:11:19+00,garmin GPSMAP 65 Software Version 460,,6/22/2025 13:11,,
TRACK,6/22/2025 14:51,T1,-0.635606339,-76.15001226,9929732.125,372031.6014,,FALSE,FALSE,,,225.58,,,2025/06/22 18:11:39+00,garmin GPSMAP 65 Software Version 460,,6/22/2025 13:11,,
TRACK,6/22/2025 14:51,T1,-0.635553449,-76.14998259,9929737.973,372034.9023,,FALSE,FALSE,,,224.8,,,2025/06/22 18:11:59+00,garmin GPSMAP 65 Software Version 460,,6/22/2025 13:11,,
TRACK,6/22/2025 14:51,T1,-0.635532076,-76.1499815,9929740.336,372035.023,,FALSE,FALSE,,,222.93,,,2025/06/22 18:12:19+00,garmin GPSMAP 65 Software Version 460,,6/22/2025 13:12,,
TRACK,6/22/2025 14:51,T1,-0.635499386,-76.14996909,9929743.95,372036.4028,,FALSE,FALSE,,,223.75,,,2025/06/22 18:12:39+00,garmin GPSMAP 65 Software Version 460,,6/22/2025 13:12,,
TRACK,6/22/2025 14:51,T1,-0.635531992,-76.14998493,9929740.345,372034.6406,,FALSE,FALSE,,,221.45,,,2025/06/22 18:12:59+00,garmin GPSMAP 65 Software Version 460,,6/22/2025 13:12,,
TRACK,6/22/2025 14:51,T1,-0.635552025,-76.14995493,9929738.131,372037.9806,,FALSE,FALSE,,,219.13,,,2025/06/22 18:13:19+00,garmin GPSMAP 65 Software Version 460,,6/22/2025 13:13,,
TRACK,6/22/2025 14:51,T1,-0.635557221,-76.14993104,9929737.557,372040.6393,,FALSE,FALSE,,,218.61,,,2025/06/22 18:13:39+00,garmin GPSMAP 65 Software Version 460,,6/22/2025 13:13,,
TRACK,6/22/2025 14:51,T1,-0.635556467,-76.14986356,9929737.642,372048.1485,,FALSE,FALSE,,,220.43,,,2025/06/22 18:13:59+00,garmin GPSMAP 65 Software Version 460,,6/22/2025 13:13,,
TRACK,6/22/2025 14:51,T1,-0.635564849,-76.14984462,9929736.716,372050.2569,,FALSE,FALSE,,,221.29,,,2025/06/22 18:14:19+00,garmin GPSMAP 65 Software Version 460,,6/22/2025 13:14,,
TRACK,6/22/2025 14:51,T1,-0.635573482,-76.14982618,9929735.762,372052.3094,,FALSE,FALSE,,,221.7,,,2025/06/22 18:14:39+00,garmin GPSMAP 65 Software Version 460,,6/22/2025 13:14,,
TRACK,6/22/2025 14:51,T1,-0.635639448,-76.149823,9929728.47,372052.6655,,FALSE,FALSE,,,221.44,,,2025/06/22 18:14:59+00,garmin GPSMAP 65 Software Version 460,,6/22/2025 13:14,,
TRACK,6/22/2025 14:51,T1,-0.635638526,-76.14981352,9929728.572,372053.7195,,FALSE,FALSE,,,221.9,,,2025/06/22 18:15:19+00,garmin GPSMAP 65 Software Version 460,,6/22/2025 13:15,,
TRACK,6/22/2025 14:51,T1,-0.63569284,-76.14979802,9929722.567,372055.4466,,FALSE,FALSE,,,221.45,,,2025/06/22 18:15:39+00,garmin GPSMAP 65 Software Version 460,,6/22/2025 13:15,,
TRACK,6/22/2025 14:51,T1,-0.635698959,-76.14982685,9929721.89,372052.2378,,FALSE,FALSE,,,222.25,,,2025/06/22 18:15:59+00,garmin GPSMAP 65 Software Version 460,,6/22/2025 13:15,,
TRACK,6/22/2025 14:51,T1,-0.635673562,-76.14981059,9929724.698,372054.0469,,FALSE,FALSE,,,223.12,,,2025/06/22 18:16:19+00,garmin GPSMAP 65 Software Version 460,,6/22/2025 13:16,,
TRACK,6/22/2025 14:51,T1,-0.635665599,-76.14980103,9929725.579,372055.1101,,FALSE,FALSE,,,224.28,,,2025/06/22 18:16:39+00,garmin GPSMAP 65 Software Version 460,,6/22/2025 13:16,,
TRACK,6/22/2025 14:51,T1,-0.635674568,-76.14975728,9929724.589,372059.9797,,FALSE,FALSE,,,227.55,,,2025/06/22 18:16:58+00,garmin GPSMAP 65 Software Version 460,,6/22/2025 13:16,,
TRACK,6/22/2025 14:51,T1,-0.635700468,-76.14968813,9929721.727,372067.6762,,FALSE,FALSE,,,225.7,,,2025/06/22 18:17:19+00,garmin GPSMAP 65 Software Version 460,,6/22/2025 13:17,,
TRACK,6/22/2025 14:51,T1,-0.635639448,-76.14961278,9929728.475,372076.0608,,FALSE,FALSE,,,223.45,,,2025/06/22 18:17:39+00,garmin GPSMAP 65 Software Version 460,,6/22/2025 13:17,,
TRACK,6/22/2025 14:51,T1,-0.635642381,-76.14958704,9929728.151,372078.9247,,FALSE,FALSE,,,223.17,,,2025/06/22 18:17:59+00,garmin GPSMAP 65 Software Version 460,,6/22/2025 13:17,,
TRACK,6/22/2025 14:51,T1,-0.635633161,-76.14958763,9929729.17,372078.8591,,FALSE,FALSE,,,223.17,,,2025/06/22 18:18:19+00,garmin GPSMAP 65 Software Version 460,,6/22/2025 13:18,,
TRACK,6/22/2025 14:51,T1,-0.635653446,-76.14960708,9929726.927,372076.6955,,FALSE,FALSE,,,223.49,,,2025/06/22 18:18:39+00,garmin GPSMAP 65 Software Version 460,,6/22/2025 13:18,,
TRACK,6/22/2025 14:51,T1,-0.635659061,-76.14961185,9929726.306,372076.1639,,FALSE,FALSE,,,222.87,,,2025/06/22 18:18:59+00,garmin GPSMAP 65 Software Version 460,,6/22/2025 13:18,,
TRACK,6/22/2025 14:51,T1,-0.635678675,-76.14960817,9929724.138,372076.5748,,FALSE,FALSE,,,222.3,,,2025/06/22 18:19:19+00,garmin GPSMAP 65 Software Version 460,,6/22/2025 13:19,,
TRACK,6/22/2025 14:51,T1,-0.635675658,-76.14961697,9929724.472,372075.5953,,FALSE,FALSE,,,221.82,,,2025/06/22 18:19:39+00,garmin GPSMAP 65 Software Version 460,,6/22/2025 13:19,,
TRACK,6/22/2025 14:51,T1,-0.635656798,-76.14959048,9929726.557,372078.5425,,FALSE,FALSE,,,221.25,,,2025/06/22 18:19:59+00,garmin GPSMAP 65 Software Version 460,,6/22/2025 13:19,,
TRACK,6/22/2025 14:51,T1,-0.635673981,-76.14958939,9929724.658,372078.6642,,FALSE,FALSE,,,220.14,,,2025/06/22 18:20:19+00,garmin GPSMAP 65 Software Version 460,,6/22/2025 13:20,,
TRACK,6/22/2025 14:51,T1,-0.635655541,-76.14958688,9929726.696,372078.9436,,FALSE,FALSE,,,220.17,,,2025/06/22 18:20:39+00,garmin GPSMAP 65 Software Version 460,,6/22/2025 13:20,,
TRACK,6/22/2025 14:51,T1,-0.635640035,-76.14960574,9929728.41,372076.8444,,FALSE,FALSE,,,219.28,,,2025/06/22 18:20:59+00,garmin GPSMAP 65 Software Version 460,,6/22/2025 13:20,,
TRACK,6/22/2025 14:51,T1,-0.635642381,-76.14961353,9929728.15,372075.9769,,FALSE,FALSE,,,221.05,,,2025/06/22 18:21:19+00,garmin GPSMAP 65 Software Version 460,,6/22/2025 13:21,,
TRACK,6/22/2025 14:51,T1,-0.635645064,-76.14962015,9929727.854,372075.2401,,FALSE,FALSE,,,220.78,,,2025/06/22 18:21:39+00,garmin GPSMAP 65 Software Version 460,,6/22/2025 13:21,,
TRACK,6/22/2025 14:51,T1,-0.635631485,-76.14962485,9929729.355,372074.7173,,FALSE,FALSE,,,222.51,,,2025/06/22 18:21:59+00,garmin GPSMAP 65 Software Version 460,,6/22/2025 13:21,,
TRACK,6/22/2025 14:51,T1,-0.635640454,-76.14966483,9929728.362,372070.268,,FALSE,FALSE,,,224.01,,,2025/06/22 18:22:19+00,garmin GPSMAP 65 Software Version 460,,6/22/2025 13:22,,
TRACK,6/22/2025 14:51,T1,-0.635639029,-76.14960104,9929728.521,372077.3667,,FALSE,FALSE,,,222.65,,,2025/06/22 18:22:39+00,garmin GPSMAP 65 Software Version 460,,6/22/2025 13:22,,
TRACK,6/22/2025 14:51,T1,-0.635632239,-76.14955276,9929729.273,372082.7397,,FALSE,FALSE,,,221.9,,,2025/06/22 18:22:59+00,garmin GPSMAP 65 Software Version 460,,6/22/2025 13:22,,
TRACK,6/22/2025 14:51,T1,-0.635621846,-76.14955494,9929730.422,372082.4969,,FALSE,FALSE,,,222.06,,,2025/06/22 18:23:19+00,garmin GPSMAP 65 Software Version 460,,6/22/2025 13:23,,
TRACK,6/22/2025 14:51,T1,-0.635614889,-76.14954664,9929731.191,372083.4202,,FALSE,FALSE,,,222.47,,,2025/06/22 18:23:39+00,garmin GPSMAP 65 Software Version 460,,6/22/2025 13:23,,
TRACK,6/22/2025 14:51,T1,-0.635632575,-76.14955218,9929729.236,372082.805,,FALSE,FALSE,,,223.6,,,2025/06/22 18:23:59+00,garmin GPSMAP 65 Software Version 460,,6/22/2025 13:23,,
TRACK,6/22/2025 14:51,T1,-0.635628467,-76.14952837,9929729.691,372085.4541,,FALSE,FALSE,,,223.36,,,2025/06/22 18:24:19+00,garmin GPSMAP 65 Software Version 460,,6/22/2025 13:24,,
TRACK,6/22/2025 14:51,T1,-0.635607261,-76.14949945,9929732.036,372088.6718,,FALSE,FALSE,,,223.23,,,2025/06/22 18:24:39+00,garmin GPSMAP 65 Software Version 460,,6/22/2025 13:24,,
TRACK,6/22/2025 14:51,T1,-0.635587396,-76.14946752,9929734.233,372092.2254,,FALSE,FALSE,,,222.87,,,2025/06/22 18:24:59+00,garmin GPSMAP 65 Software Version 460,,6/22/2025 13:24,,
TRACK,6/22/2025 14:51,T1,-0.635561748,-76.14943458,9929737.069,372095.8908,,FALSE,FALSE,,,222.2,,,2025/06/22 18:25:19+00,garmin GPSMAP 65 Software Version 460,,6/22/2025 13:25,,
TRACK,6/22/2025 14:51,T1,-0.635520592,-76.14941304,9929741.619,372098.2872,,FALSE,FALSE,,,221.46,,,2025/06/22 18:25:39+00,garmin GPSMAP 65 Software Version 460,,6/22/2025 13:25,,
TRACK,6/22/2025 14:51,T1,-0.635490753,-76.14939543,9929744.919,372100.2454,,FALSE,FALSE,,,221.1,,,2025/06/22 18:25:59+00,garmin GPSMAP 65 Software Version 460,,6/22/2025 13:25,,
TRACK,6/22/2025 14:51,T1,-0.635494944,-76.14937766,9929744.456,372102.2231,,FALSE,FALSE,,,220.06,,,2025/06/22 18:26:19+00,garmin GPSMAP 65 Software Version 460,,6/22/2025 13:26,,
TRACK,6/22/2025 14:51,T1,-0.635492932,-76.14934699,9929744.679,372105.6372,,FALSE,FALSE,,,220.18,,,2025/06/22 18:26:39+00,garmin GPSMAP 65 Software Version 460,,6/22/2025 13:26,,
TRACK,6/22/2025 14:51,T1,-0.635503996,-76.14936258,9929743.455,372103.9024,,FALSE,FALSE,,,218.98,,,2025/06/22 18:26:59+00,garmin GPSMAP 65 Software Version 460,,6/22/2025 13:26,,
TRACK,6/22/2025 14:51,T1,-0.635511791,-76.1493801,9929742.593,372101.953,,FALSE,FALSE,,,219.01,,,2025/06/22 18:27:19+00,garmin GPSMAP 65 Software Version 460,,6/22/2025 13:27,,
TRACK,6/22/2025 14:51,T1,-0.635534842,-76.14936484,9929740.045,372103.6513,,FALSE,FALSE,,,219.36,,,2025/06/22 18:27:39+00,garmin GPSMAP 65 Software Version 460,,6/22/2025 13:27,,
TRACK,6/22/2025 14:51,T1,-0.635532746,-76.14936962,9929740.277,372103.1195,,FALSE,FALSE,,,219.7,,,2025/06/22 18:27:59+00,garmin GPSMAP 65 Software Version 460,,6/22/2025 13:27,,
TRACK,6/22/2025 14:51,T1,-0.635528052,-76.14936467,9929740.796,372103.6698,,FALSE,FALSE,,,219.05,,,2025/06/22 18:28:19+00,garmin GPSMAP 65 Software Version 460,,6/22/2025 13:28,,
TRACK,6/22/2025 14:51,T1,-0.635556718,-76.14933969,9929737.627,372106.4503,,FALSE,FALSE,,,219.05,,,2025/06/22 18:28:39+00,garmin GPSMAP 65 Software Version 460,,6/22/2025 13:28,,
TRACK,6/22/2025 14:51,T1,-0.635554036,-76.14932192,9929737.924,372108.4278,,FALSE,FALSE,,,218.77,,,2025/06/22 18:28:59+00,garmin GPSMAP 65 Software Version 460,,6/22/2025 13:28,,
TRACK,6/22/2025 14:51,T1,-0.635557557,-76.14934137,9929737.535,372106.2638,,FALSE,FALSE,,,219.82,,,2025/06/22 18:29:19+00,garmin GPSMAP 65 Software Version 460,,6/22/2025 13:29,,
TRACK,6/22/2025 14:51,T1,-0.635557389,-76.14934774,9929737.553,372105.5548,,FALSE,FALSE,,,220.74,,,2025/06/22 18:29:39+00,garmin GPSMAP 65 Software Version 460,,6/22/2025 13:29,,
TRACK,6/22/2025 14:51,T1,-0.635554455,-76.14934808,9929737.877,372105.5174,,FALSE,FALSE,,,221.31,,,2025/06/22 18:29:59+00,garmin GPSMAP 65 Software Version 460,,6/22/2025 13:29,,
TRACK,6/22/2025 14:51,T1,-0.635551019,-76.1493547,9929738.257,372104.7804,,FALSE,FALSE,,,221.29,,,2025/06/22 18:30:19+00,garmin GPSMAP 65 Software Version 460,,6/22/2025 13:30,,
TRACK,6/22/2025 14:51,T1,-0.635549342,-76.14935788,9929738.442,372104.4259,,FALSE,FALSE,,,220.22,,,2025/06/22 18:30:39+00,garmin GPSMAP 65 Software Version 460,,6/22/2025 13:30,,
TRACK,6/22/2025 14:51,T1,-0.635552276,-76.14935244,9929738.118,372105.0323,,FALSE,FALSE,,,219.48,,,2025/06/22 18:30:59+00,garmin GPSMAP 65 Software Version 460,,6/22/2025 13:30,,
TRACK,6/22/2025 14:51,T1,-0.635551019,-76.14935587,9929738.257,372104.6498,,FALSE,FALSE,,,218.48,,,2025/06/22 18:31:19+00,garmin GPSMAP 65 Software Version 460,,6/22/2025 13:31,,
TRACK,6/22/2025 14:51,T1,-0.635555126,-76.14936283,9929737.803,372103.8757,,FALSE,FALSE,,,217.08,,,2025/06/22 18:31:39+00,garmin GPSMAP 65 Software Version 460,,6/22/2025 13:31,,
TRACK,6/22/2025 14:51,T1,-0.635553617,-76.14936425,9929737.97,372103.717,,FALSE,FALSE,,,217.09,,,2025/06/22 18:31:59+00,garmin GPSMAP 65 Software Version 460,,6/22/2025 13:31,,
TRACK,6/22/2025 14:51,T1,-0.635550181,-76.14936023,9929738.35,372104.1647,,FALSE,FALSE,,,219.12,,,2025/06/22 18:32:19+00,garmin GPSMAP 65 Software Version 460,,6/22/2025 13:32,,
TRACK,6/22/2025 14:51,T1,-0.635540457,-76.14936459,9929739.425,372103.6794,,FALSE,FALSE,,,220.14,,,2025/06/22 18:32:39+00,garmin GPSMAP 65 Software Version 460,,6/22/2025 13:32,,
TRACK,6/22/2025 14:51,T1,-0.635533333,-76.14937096,9929740.212,372102.9703,,FALSE,FALSE,,,221.13,,,2025/06/22 18:32:59+00,garmin GPSMAP 65 Software Version 460,,6/22/2025 13:32,,
TRACK,6/22/2025 14:51,T1,-0.635534423,-76.14936509,9929740.092,372103.6233,,FALSE,FALSE,,,221.75,,,2025/06/22 18:33:19+00,garmin GPSMAP 65 Software Version 460,,6/22/2025 13:33,,
TRACK,6/22/2025 14:51,T1,-0.63554138,-76.14935637,9929739.323,372104.5936,,FALSE,FALSE,,,223.01,,,2025/06/22 18:33:39+00,garmin GPSMAP 65 Software Version 460,,6/22/2025 13:33,,
TRACK,6/22/2025 14:51,T1,-0.635534925,-76.14935679,9929740.036,372104.5468,,FALSE,FALSE,,,222.93,,,2025/06/22 18:33:59+00,garmin GPSMAP 65 Software Version 460,,6/22/2025 13:33,,
TRACK,6/22/2025 14:51,T1,-0.635532076,-76.14937054,9929740.351,372103.0169,,FALSE,FALSE,,,223.67,,,2025/06/22 18:34:19+00,garmin GPSMAP 65 Software Version 460,,6/22/2025 13:34,,
TRACK,6/22/2025 14:51,T1,-0.635532662,-76.14937029,9929740.286,372103.0449,,FALSE,FALSE,,,223.61,,,2025/06/22 18:34:39+00,garmin GPSMAP 65 Software Version 460,,6/22/2025 13:34,,
TRACK,6/22/2025 14:51,T1,-0.635531656,-76.14937498,9929740.397,372102.5225,,FALSE,FALSE,,,223.77,,,2025/06/22 18:34:59+00,garmin GPSMAP 65 Software Version 460,,6/22/2025 13:34,,
TRACK,6/22/2025 14:51,T1,-0.635529393,-76.14937993,9929740.647,372101.972,,FALSE,FALSE,,,223.33,,,2025/06/22 18:35:19+00,garmin GPSMAP 65 Software Version 460,,6/22/2025 13:35,,
TRACK,6/22/2025 14:51,T1,-0.635559233,-76.14936526,9929737.349,372103.6052,,FALSE,FALSE,,,224.3,,,2025/06/22 18:35:39+00,garmin GPSMAP 65 Software Version 460,,6/22/2025 13:35,,
TRACK,6/22/2025 14:51,T1,-0.635569543,-76.14934674,9929736.21,372105.667,,FALSE,FALSE,,,225.65,,,2025/06/22 18:35:59+00,garmin GPSMAP 65 Software Version 460,,6/22/2025 13:35,,
TRACK,6/22/2025 14:51,T1,-0.635570046,-76.14934724,9929736.154,372105.6111,,FALSE,FALSE,,,225.32,,,2025/06/22 18:36:19+00,garmin GPSMAP 65 Software Version 460,,6/22/2025 13:36,,
TRACK,6/22/2025 14:51,T1,-0.635576667,-76.149349,9929735.422,372105.4154,,FALSE,FALSE,,,225.05,,,2025/06/22 18:36:39+00,garmin GPSMAP 65 Software Version 460,,6/22/2025 13:36,,
TRACK,6/22/2025 14:51,T1,-0.635562586,-76.14934682,9929736.979,372105.6575,,FALSE,FALSE,,,224.79,,,2025/06/22 18:36:59+00,garmin GPSMAP 65 Software Version 460,,6/22/2025 13:36,,
TRACK,6/22/2025 14:51,T1,-0.635540541,-76.14933819,9929739.416,372106.6178,,FALSE,FALSE,,,224.66,,,2025/06/22 18:37:19+00,garmin GPSMAP 65 Software Version 460,,6/22/2025 13:37,,
TRACK,6/22/2025 14:51,T1,-0.635549175,-76.14934347,9929738.461,372106.0303,,FALSE,FALSE,,,224.18,,,2025/06/22 18:37:39+00,garmin GPSMAP 65 Software Version 460,,6/22/2025 13:37,,
TRACK,6/22/2025 14:51,T1,-0.635567028,-76.14934674,9929736.488,372105.667,,FALSE,FALSE,,,224.52,,,2025/06/22 18:37:59+00,garmin GPSMAP 65 Software Version 460,,6/22/2025 13:37,,
TRACK,6/22/2025 14:51,T1,-0.635565519,-76.14933844,9929736.655,372106.5904,,FALSE,FALSE,,,223.98,,,2025/06/22 18:38:19+00,garmin GPSMAP 65 Software Version 460,,6/22/2025 13:38,,
TRACK,6/22/2025 14:51,T1,-0.63555127,-76.14933408,9929738.23,372107.0752,,FALSE,FALSE,,,222.68,,,2025/06/22 18:38:39+00,garmin GPSMAP 65 Software Version 460,,6/22/2025 13:38,,
TRACK,6/22/2025 14:51,T1,-0.635535847,-76.14932092,9929739.935,372108.5393,,FALSE,FALSE,,,221.68,,,2025/06/22 18:38:59+00,garmin GPSMAP 65 Software Version 460,,6/22/2025 13:38,,
TRACK,6/22/2025 14:51,T1,-0.63553283,-76.14932276,9929740.269,372108.334,,FALSE,FALSE,,,220.97,,,2025/06/22 18:39:19+00,garmin GPSMAP 65 Software Version 460,,6/22/2025 13:39,,
TRACK,6/22/2025 14:51,T1,-0.635534842,-76.14933349,9929740.046,372107.1401,,FALSE,FALSE,,,220.38,,,2025/06/22 18:39:39+00,garmin GPSMAP 65 Software Version 460,,6/22/2025 13:39,,
TRACK,6/22/2025 14:51,T1,-0.635531237,-76.14933852,9929740.444,372106.5803,,FALSE,FALSE,,,219.69,,,2025/06/22 18:39:59+00,garmin GPSMAP 65 Software Version 460,,6/22/2025 13:39,,
TRACK,6/22/2025 14:51,T1,-0.635534758,-76.1493433,9929740.055,372106.0486,,FALSE,FALSE,,,219.67,,,2025/06/22 18:40:19+00,garmin GPSMAP 65 Software Version 460,,6/22/2025 13:40,,
TRACK,6/22/2025 14:51,T1,-0.635540038,-76.14933492,9929739.472,372106.9816,,FALSE,FALSE,,,219.11,,,2025/06/22 18:40:39+00,garmin GPSMAP 65 Software Version 460,,6/22/2025 13:40,,
TRACK,6/22/2025 14:51,T1,-0.635548923,-76.14933844,9929738.489,372106.59,,FALSE,FALSE,,,219.21,,,2025/06/22 18:40:59+00,garmin GPSMAP 65 Software Version 460,,6/22/2025 13:40,,
TRACK,6/22/2025 14:51,T1,-0.635552444,-76.14933886,9929738.1,372106.5435,,FALSE,FALSE,,,218.92,,,2025/06/22 18:41:19+00,garmin GPSMAP 65 Software Version 460,,6/22/2025 13:41,,
TRACK,6/22/2025 14:51,T1,-0.635548588,-76.14933726,9929738.526,372106.7206,,FALSE,FALSE,,,219.03,,,2025/06/22 18:41:39+00,garmin GPSMAP 65 Software Version 460,,6/22/2025 13:41,,
TRACK,6/22/2025 14:51,T1,-0.635550851,-76.14934238,9929738.276,372106.1517,,FALSE,FALSE,,,219.42,,,2025/06/22 18:41:59+00,garmin GPSMAP 65 Software Version 460,,6/22/2025 13:41,,
TRACK,6/22/2025 14:51,T1,-0.635547079,-76.14934078,9929738.693,372106.3288,,FALSE,FALSE,,,219.57,,,2025/06/22 18:42:19+00,garmin GPSMAP 65 Software Version 460,,6/22/2025 13:42,,
TRACK,6/22/2025 14:51,T1,-0.635544062,-76.14934062,9929739.027,372106.3474,,FALSE,FALSE,,,219.86,,,2025/06/22 18:42:39+00,garmin GPSMAP 65 Software Version 460,,6/22/2025 13:42,,
TRACK,6/22/2025 14:51,T1,-0.635536099,-76.14934263,9929739.907,372106.1233,,FALSE,FALSE,,,220.9,,,2025/06/22 18:42:59+00,garmin GPSMAP 65 Software Version 460,,6/22/2025 13:42,,
TRACK,6/22/2025 14:51,T1,-0.635532327,-76.14934389,9929740.324,372105.9833,,FALSE,FALSE,,,223.09,,,2025/06/22 18:43:19+00,garmin GPSMAP 65 Software Version 460,,6/22/2025 13:43,,
TRACK,6/22/2025 14:51,T1,-0.635539535,-76.1493521,9929739.527,372105.0693,,FALSE,FALSE,,,223.39,,,2025/06/22 18:43:39+00,garmin GPSMAP 65 Software Version 460,,6/22/2025 13:43,,
TRACK,6/22/2025 14:51,T1,-0.635537859,-76.14935285,9929739.712,372104.9853,,FALSE,FALSE,,,221.98,,,2025/06/22 18:43:59+00,garmin GPSMAP 65 Software Version 460,,6/22/2025 13:43,,
TRACK,6/22/2025 14:51,T1,-0.635540793,-76.14935738,9929739.388,372104.4816,,FALSE,FALSE,,,222.13,,,2025/06/22 18:44:19+00,garmin GPSMAP 65 Software Version 460,,6/22/2025 13:44,,
TRACK,6/22/2025 14:51,T1,-0.635548169,-76.14935637,9929738.572,372104.5938,,FALSE,FALSE,,,222.99,,,2025/06/22 18:44:39+00,garmin GPSMAP 65 Software Version 460,,6/22/2025 13:44,,
TRACK,6/22/2025 14:51,T1,-0.635560826,-76.14935805,9929737.173,372104.4075,,FALSE,FALSE,,,222.12,,,2025/06/22 18:44:59+00,garmin GPSMAP 65 Software Version 460,,6/22/2025 13:44,,
TRACK,6/22/2025 14:51,T1,-0.635540793,-76.14933374,9929739.388,372107.1122,,FALSE,FALSE,,,216.81,,,2025/06/22 18:45:19+00,garmin GPSMAP 65 Software Version 460,,6/22/2025 13:45,,
TRACK,6/22/2025 14:51,T1,-0.63552252,-76.14932913,9929741.408,372107.6248,,FALSE,FALSE,,,218.23,,,2025/06/22 18:45:39+00,garmin GPSMAP 65 Software Version 460,,6/22/2025 13:45,,
TRACK,6/22/2025 14:51,T1,-0.635474995,-76.14924858,9929746.664,372116.5881,,FALSE,FALSE,,,218.87,,,2025/06/22 18:45:59+00,garmin GPSMAP 65 Software Version 460,,6/22/2025 13:45,,
TRACK,6/22/2025 14:51,T1,-0.635475665,-76.14922604,9929746.591,372119.0975,,FALSE,FALSE,,,218.73,,,2025/06/22 18:46:19+00,garmin GPSMAP 65 Software Version 460,,6/22/2025 13:46,,
TRACK,6/22/2025 14:51,T1,-0.635472564,-76.14919435,9929746.935,372122.6235,,FALSE,FALSE,,,218.89,,,2025/06/22 18:46:39+00,garmin GPSMAP 65 Software Version 460,,6/22/2025 13:46,,
TRACK,6/22/2025 14:51,T1,-0.635478599,-76.14920215,9929746.267,372121.7561,,FALSE,FALSE,,,217.38,,,2025/06/22 18:46:59+00,garmin GPSMAP 65 Software Version 460,,6/22/2025 13:46,,
TRACK,6/22/2025 14:51,T1,-0.635476252,-76.14920592,9929746.527,372121.3362,,FALSE,FALSE,,,217.92,,,2025/06/22 18:47:19+00,garmin GPSMAP 65 Software Version 460,,6/22/2025 13:47,,
TRACK,6/22/2025 14:51,T1,-0.635473486,-76.14920458,9929746.832,372121.4854,,FALSE,FALSE,,,217.36,,,2025/06/22 18:47:39+00,garmin GPSMAP 65 Software Version 460,,6/22/2025 13:47,,
TRACK,6/22/2025 14:51,T1,-0.635471391,-76.14919888,9929747.064,372122.1197,,FALSE,FALSE,,,217.1,,,2025/06/22 18:47:59+00,garmin GPSMAP 65 Software Version 460,,6/22/2025 13:47,,
TRACK,6/22/2025 14:51,T1,-0.635465859,-76.14919427,9929747.676,372122.6326,,FALSE,FALSE,,,218.12,,,2025/06/22 18:48:19+00,garmin GPSMAP 65 Software Version 460,,6/22/2025 13:48,,
